number_draw,date,winning_number_1,winning_number_2,winning_number_3,winning_number_4,winning_number_5,winning_number_6,additional_number,Group 1 Share Amount,Group 2 Share Amount,Group 3 Share Amount,Group 4 Share Amount,Group 5 Share Amount,Group 6 Share Amount,Group 7 Share Amount,Group 1 No.winning,Group 2 No.winning,Group 3 No.winning,Group 4 No.winning,Group 5 No.winning,Group 6 No.winning,Group 7 No.winning,year,month,day_of_week,Odd,Even,1 to 9,10 to 19,20 to 29,30 to 39,40 to 49,Total,Average,SD,gap_mean,gap_sd,Total winners,consecutive numbers,count_repeated_numbers,repeated_numbers,repeated_numbers_1,repeated_numbers_2,repeated_numbers_3,repeated_numbers_4
3768,2022-05-26,6,11,30,34,43,45,2,0,236294,1826,446,50,25,10,0,1,89,199,4774,6520,87047,2022,5,Thursday,3,4,2,1,0,2,2,171,24.43,17.86,7.17,5.7,98630,0,0,0,0,0,0,0
3769,2022-05-30,8,13,19,34,37,47,29,2781563,87325,1716,375,50,25,10,1,4,140,350,6329,8735,123159,2022,5,Monday,5,2,1,2,1,2,1,187,26.71,13.98,6.5,2.63,138718,0,1,[np.int64(34)],34,0,0,0
3770,2022-06-02,12,19,26,28,46,49,41,0,237188,1664,466,50,25,10,0,1,98,191,4839,5244,88337,2022,6,Thursday,3,4,0,2,2,0,3,221,31.57,14.06,6.17,3.58,98710,0,1,[np.int64(19)],19,0,0,0
3771,2022-06-06,12,28,29,34,41,47,16,1379328,171791,2813,462,50,25,10,2,2,84,279,5935,8748,115382,2022,6,Monday,3,4,0,2,2,1,2,207,29.57,12.58,5.83,3.34,130432,1,3,"[np.int64(41), np.int64(12), np.int64(28)]",41,12,28,0
3772,2022-06-09,7,14,15,16,17,38,44,0,234345,1452,440,50,25,10,0,1,111,200,5759,6091,100004,2022,6,Thursday,3,4,1,4,0,1,1,151,21.57,13.77,6.17,7.08,112166,3,1,[np.int64(16)],16,0,0,0
3773,2022-06-13,3,5,12,16,30,45,49,2754037,172727,1320,331,50,25,10,1,2,180,392,9507,9558,165097,2022,6,Monday,4,3,2,2,0,1,2,160,22.86,18.72,7.67,5.06,184737,0,1,[np.int64(16)],16,0,0,0
3774,2022-06-16,2,7,16,18,24,45,36,1106742,58250,2003,363,50,25,10,1,4,80,241,5127,6008,96962,2022,6,Thursday,2,5,2,2,1,1,1,148,21.14,15.28,7.17,3.24,108423,0,2,"[np.int64(16), np.int64(45)]",16,45,0,0
3775,2022-06-20,20,25,28,33,40,49,1,0,0,1781,421,50,25,10,0,0,93,215,4108,6955,81090,2022,6,Monday,4,3,1,0,3,1,2,196,28.0,15.34,8.0,5.26,92461,0,0,0,0,0,0,0
3776,2022-06-23,24,27,32,38,46,49,11,0,188793,2017,474,50,25,10,0,3,111,258,5232,7850,101210,2022,6,Thursday,3,4,0,1,2,2,2,227,32.43,13.23,6.33,3.45,114664,0,1,[np.int64(49)],49,0,0,0
3777,2022-06-27,21,24,27,32,34,38,41,0,150516,2010,431,50,25,10,0,4,206,525,14075,14937,221365,2022,6,Monday,3,4,0,0,3,3,1,217,31.0,7.35,3.33,0.94,251112,0,4,"[np.int64(32), np.int64(24), np.int64(27), np.int64(38)]",32,24,27,38
3778,2022-06-30,2,15,17,27,41,48,38,2917988,85921,1745,377,50,25,10,4,15,508,1283,25166,35209,465917,2022,6,Thursday,4,3,1,2,1,1,2,188,26.86,16.47,7.67,4.07,528102,0,3,"[np.int64(41), np.int64(27), np.int64(38)]",41,27,38,0
3779,2022-07-04,2,3,9,27,28,38,15,0,81647,1116,201,50,25,10,0,3,151,459,7073,10975,117188,2022,7,Monday,4,3,3,1,2,1,0,122,17.43,13.84,6.0,4.12,135849,2,4,"[np.int64(2), np.int64(27), np.int64(38), np.int64(15)]",2,27,38,15
3780,2022-07-07,16,17,20,33,39,49,7,0,339873,2184,389,50,25,10,0,1,107,328,5880,10089,112032,2022,7,Thursday,5,2,1,2,1,2,1,181,25.86,14.86,7.0,4.12,128437,1,0,0,0,0,0,0
3781,2022-07-11,1,6,13,25,34,43,42,0,76001,1918,372,50,25,10,0,8,218,613,13650,16609,240867,2022,7,Monday,4,3,2,1,1,1,2,164,23.43,17.12,7.0,3.42,271965,1,0,0,0,0,0,0
3782,2022-07-14,8,10,15,36,39,44,9,5731299,101697,1515,319,50,25,10,2,12,554,1438,26324,39554,471689,2022,7,Thursday,3,4,2,2,0,2,1,161,23.0,15.92,6.0,6.9,539573,0,0,0,0,0,0,0
3783,2022-07-18,3,20,36,41,43,47,9,0,0,2017,477,50,25,10,0,0,84,194,3996,6194,73762,2022,7,Monday,5,2,2,0,1,1,3,199,28.43,17.64,7.33,4.75,84230,0,2,"[np.int64(9), np.int64(36)]",9,36,0,0
3784,2022-07-21,4,15,31,42,43,47,39,1417875,298500,1310,386,50,25,10,2,2,184,341,6789,8114,119981,2022,7,Thursday,5,2,1,1,0,2,3,221,31.57,16.16,7.17,5.15,135413,1,2,"[np.int64(43), np.int64(47)]",43,47,0,0
3785,2022-07-25,2,6,29,30,31,44,40,1194850,251548,2621,500,50,25,10,1,1,66,189,4912,5938,93143,2022,7,Monday,2,5,2,0,1,2,2,182,26.0,16.05,7.0,7.64,104250,2,1,[np.int64(31)],31,0,0,0
3786,2022-07-28,1,2,25,33,36,40,7,1149738,242050,2821,340,50,25,10,1,1,59,267,4298,7726,80612,2022,7,Thursday,4,3,3,0,1,2,1,144,20.57,16.84,6.5,5.56,92964,1,2,"[np.int64(40), np.int64(2)]",40,2,0,0
3787,2022-08-01,3,10,12,29,45,47,26,1255814,88128,2114,394,50,25,10,1,3,86,252,5308,7828,103316,2022,8,Monday,4,3,1,2,2,0,2,172,24.57,17.21,7.33,5.71,116794,0,0,0,0,0,0,0
3788,2022-08-05,14,18,24,37,43,45,8,5000000,115844,1927,369,50,25,10,1,9,372,1060,19848,30695,365676,2022,8,Friday,3,4,1,2,1,1,2,189,27.0,14.72,6.17,3.39,417661,0,1,[np.int64(45)],45,0,0,0
3789,2022-08-08,2,9,33,34,37,49,29,1151669,0,1985,448,50,25,10,1,0,84,203,4188,6568,82724,2022,8,Monday,5,2,2,0,1,3,1,193,27.57,16.43,7.83,6.47,93768,1,1,[np.int64(37)],37,0,0,0
3790,2022-08-11,10,12,16,18,32,44,22,0,0,2162,334,50,25,10,0,0,78,276,5275,8092,97051,2022,8,Thursday,0,7,0,4,1,1,1,154,22.0,12.11,5.67,3.9,110772,0,0,0,0,0,0,0
3791,2022-08-15,7,22,29,34,38,41,35,0,424599,2055,392,50,25,10,0,2,121,346,6789,9060,128467,2022,8,Monday,4,3,1,0,2,3,1,206,29.43,11.67,5.67,4.57,144785,0,1,[np.int64(22)],22,0,0,0
3792,2022-08-18,2,4,12,18,28,43,38,5634202,72426,1384,293,50,25,10,1,8,288,742,15793,18144,255883,2022,8,Thursday,1,6,2,2,1,1,1,145,20.71,16.13,6.83,2.85,290859,0,1,[np.int64(38)],38,0,0,0
3793,2022-08-22,5,20,23,36,42,44,47,0,0,1883,468,50,25,10,0,0,92,202,5132,5533,95866,2022,8,Monday,3,4,1,0,2,1,3,217,31.0,15.45,7.0,5.13,106825,0,0,0,0,0,0,0
3794,2022-08-25,3,5,13,23,24,48,10,0,600468,1489,291,50,25,10,0,1,161,450,8497,13013,148666,2022,8,Thursday,4,3,2,2,2,0,1,126,18.0,15.51,7.5,7.93,170788,1,2,"[np.int64(5), np.int64(23)]",5,23,0,0
3795,2022-08-29,4,8,9,15,22,31,13,0,37465,852,191,50,25,10,0,16,484,1180,21413,25059,314939,2022,8,Monday,4,3,3,2,1,1,0,102,14.57,9.25,4.5,2.75,363091,1,1,[np.int64(13)],13,0,0,0
3796,2022-09-01,1,18,28,42,43,48,45,11414547,200528,1822,394,50,25,10,1,6,454,1148,25173,32244,450598,2022,9,Thursday,3,4,1,1,1,0,4,225,32.14,17.41,7.83,6.2,509624,1,0,0,0,0,0,0
3797,2022-09-05,4,9,13,18,34,47,3,0,0,2208,307,50,25,10,0,0,78,306,5374,9447,98795,2022,9,Monday,4,3,3,2,0,1,1,128,18.29,16.45,7.33,5.31,114000,0,1,[np.int64(18)],18,0,0,0
3798,2022-09-08,1,8,11,12,22,46,35,2886318,607646,859,349,50,25,10,1,1,286,384,12544,11031,195078,2022,9,Thursday,3,4,2,2,1,1,1,135,19.29,16.08,7.5,4.31,219325,1,0,0,0,0,0,0
3799,2022-09-12,8,15,21,22,39,43,44,1241044,261273,2364,442,50,25,10,1,1,76,222,5207,6591,104041,2022,9,Monday,4,3,1,1,2,1,2,192,27.43,14.46,6.0,5.42,116139,2,2,"[np.int64(8), np.int64(22)]",8,22,0,0
3800,2022-09-15,13,15,27,29,38,45,40,0,125144,1739,393,50,25,10,0,2,99,239,4754,5767,88797,2022,9,Thursday,5,2,0,2,2,1,2,207,29.57,12.33,5.33,3.9,99658,0,1,[np.int64(15)],15,0,0,0
3801,2022-09-19,1,5,14,23,40,45,16,2872168,354380,1434,398,50,25,10,1,1,170,334,8073,10267,135530,2022,9,Monday,4,3,2,2,1,0,2,144,20.57,16.68,7.33,4.85,154376,0,2,"[np.int64(40), np.int64(45)]",40,45,0,0
3802,2022-09-22,3,11,19,26,43,49,37,1166722,245626,1594,376,50,25,10,1,1,106,245,5500,6545,103577,2022,9,Thursday,6,1,1,2,1,1,2,188,26.86,17.01,7.67,1.7,115975,0,0,0,0,0,0,0
3803,2022-09-26,6,19,24,34,43,46,21,1207911,254297,1841,444,50,25,10,1,1,95,215,4905,6316,88313,2022,9,Monday,3,4,1,1,2,1,2,193,27.57,14.22,6.67,4.19,99846,0,2,"[np.int64(19), np.int64(43)]",19,43,0,0
3804,2022-09-29,27,29,31,44,46,49,42,0,121313,2060,515,50,25,10,0,2,81,177,3892,5524,74866,2022,9,Thursday,4,3,0,0,2,1,4,268,38.29,9.01,3.67,3.3,84542,0,1,[np.int64(46)],46,0,0,0
3805,2022-10-03,7,16,20,29,33,42,39,2783637,57234,1467,361,50,25,10,1,6,161,357,7159,8941,129099,2022,10,Monday,4,3,1,1,2,2,1,186,26.57,12.77,5.83,2.41,145724,0,2,"[np.int64(42), np.int64(29)]",42,29,0,0
3806,2022-10-06,10,19,20,22,26,46,4,0,80454,1169,228,50,25,10,0,3,142,398,6373,9694,105527,2022,10,Thursday,1,6,1,2,3,0,1,147,21.0,13.33,7.0,6.38,122137,1,1,[np.int64(20)],20,0,0,0
3807,2022-10-10,8,10,18,26,42,47,49,0,174778,2037,425,50,25,10,0,2,118,309,7471,8761,143442,2022,10,Monday,2,5,1,2,1,0,3,200,28.57,17.43,6.83,4.78,160103,0,2,"[np.int64(10), np.int64(26)]",10,26,0,0
3808,2022-10-13,2,4,8,17,22,40,6,0,93427,1460,233,50,25,10,0,6,264,905,14351,23468,245451,2022,10,Thursday,1,6,4,1,1,0,1,99,14.14,13.5,6.33,5.79,284445,0,1,[np.int64(8)],8,0,0,0
3809,2022-10-17,1,8,16,24,38,43,15,5560463,74361,1633,352,50,25,10,2,16,501,1269,25697,36995,473834,2022,10,Monday,3,4,2,2,1,1,1,145,20.71,15.34,7.0,3.87,538314,0,1,[np.int64(8)],8,0,0,0
3810,2022-10-20,2,9,19,27,33,37,21,0,39099,1630,250,50,25,10,0,6,99,352,6215,7702,104310,2022,10,Thursday,6,1,2,1,2,2,0,148,21.14,12.55,5.83,2.48,118684,0,0,0,0,0,0,0
3811,2022-10-24,7,11,17,21,41,43,30,2824881,51446,1191,327,50,25,10,1,7,208,414,9166,11281,150942,2022,10,Monday,6,1,1,2,1,1,2,170,24.29,14.15,6.0,3.11,172019,0,1,[np.int64(21)],21,0,0,0
3812,2022-10-27,13,16,25,41,45,46,20,0,120761,1887,470,50,25,10,0,2,88,193,3767,5478,73822,2022,10,Thursday,4,3,0,2,2,0,3,206,29.43,14.2,5.5,4.86,83350,1,1,[np.int64(41)],41,0,0,0
3813,2022-10-31,4,14,17,25,29,49,36,0,119405,1811,368,50,25,10,0,3,136,366,7492,9131,133747,2022,10,Monday,4,3,1,2,2,1,1,174,24.86,14.94,7.5,3.4,150875,0,1,[np.int64(25)],25,0,0,0
3814,2022-11-03,13,21,24,25,26,41,11,5578700,143683,2196,366,50,25,10,1,4,180,590,10931,18225,202367,2022,11,Thursday,5,2,0,2,4,0,1,161,23.0,9.88,5.0,5.07,232298,2,1,[np.int64(25)],25,0,0,0
3815,2022-11-07,10,14,33,37,39,45,28,0,0,1821,416,50,25,10,0,0,97,232,4750,6348,85452,2022,11,Monday,4,3,0,2,1,3,1,206,29.43,13.05,5.83,3.85,96879,0,0,0,0,0,0,0
3816,2022-11-10,10,23,28,35,39,46,6,0,202232,2022,418,50,25,10,0,3,119,314,6720,9966,124920,2022,11,Thursday,3,4,1,1,2,2,1,187,26.71,14.81,6.67,3.09,142042,0,3,"[np.int64(10), np.int64(28), np.int64(39)]",10,28,39,0
3817,2022-11-14,8,15,22,26,34,45,32,5675646,196060,1550,359,50,25,10,1,3,261,615,13637,16625,239442,2022,11,Monday,2,5,1,1,2,2,1,182,26.0,12.4,6.17,2.79,270584,0,0,0,0,0,0,0
3818,2022-11-17,1,10,16,23,38,49,25,1156436,121731,1288,356,50,25,10,1,2,130,257,5563,6992,96697,2022,11,Thursday,4,3,1,2,2,1,1,162,23.14,16.36,8.0,3.56,109642,0,0,0,0,0,0,0
3819,2022-11-21,3,9,21,30,36,46,2,0,123190,1783,345,50,25,10,0,2,95,268,6217,8198,106364,2022,11,Monday,3,4,3,0,1,2,1,147,21.0,17.13,7.33,3.54,121144,0,0,0,0,0,0,0
3820,2022-11-24,3,8,11,21,24,31,25,2708396,53969,709,200,50,25,10,1,6,314,608,12441,12697,180433,2022,11,Thursday,5,2,2,1,3,1,0,123,17.57,10.29,4.67,2.87,206500,0,2,"[np.int64(3), np.int64(21)]",3,21,0,0
3821,2022-11-28,7,16,17,28,37,48,14,0,82168,1823,366,50,25,10,0,3,93,253,5247,6928,96612,2022,11,Monday,3,4,1,3,1,1,1,167,23.86,14.51,6.83,4.02,109136,1,0,0,0,0,0,0
3822,2022-12-01,3,12,20,39,40,47,18,2735946,164743,1784,313,50,25,10,1,2,127,396,6675,10358,123423,2022,12,Thursday,3,4,1,2,1,1,2,179,25.57,16.48,7.33,5.91,140982,1,0,0,0,0,0,0
3823,2022-12-05,5,6,7,25,28,35,8,1223608,42934,958,137,50,25,10,1,6,185,709,8457,16950,131249,2022,12,Monday,4,3,4,0,2,1,0,114,16.29,12.59,5.0,5.77,157557,2,0,0,0,0,0,0
3824,2022-12-08,1,6,21,35,37,46,33,0,0,2690,618,50,25,10,0,0,64,152,3992,5714,83609,2022,12,Thursday,5,2,2,0,1,3,1,179,25.57,16.83,7.5,4.92,93531,0,2,"[np.int64(35), np.int64(6)]",35,6,0,0
3825,2022-12-12,3,7,22,27,44,49,13,0,614409,1727,314,50,25,10,0,1,145,435,7799,11685,147471,2022,12,Monday,5,2,2,1,2,0,2,165,23.57,17.74,7.67,4.46,167536,0,0,0,0,0,0,0
3826,2022-12-15,4,12,17,19,24,44,20,5602898,80736,1530,277,50,25,10,1,7,254,767,14038,19857,246845,2022,12,Thursday,2,5,1,3,2,0,1,140,20.0,12.4,6.67,6.37,281769,0,1,[np.int64(44)],44,0,0,0
3827,2022-12-19,8,14,24,26,45,46,42,0,87048,1910,412,50,25,10,0,3,94,238,4840,6530,92542,2022,12,Monday,1,6,1,1,2,0,3,205,29.29,15.35,6.33,5.25,104247,1,1,[np.int64(24)],24,0,0,0
3828,2022-12-22,4,11,13,16,32,46,9,0,349496,2794,345,50,25,10,0,1,86,380,6511,12023,126353,2022,12,Thursday,3,4,2,3,0,1,1,131,18.71,14.9,7.0,5.77,145354,0,1,[np.int64(46)],46,0,0,0
3829,2022-12-26,3,10,31,32,44,47,41,5782800,121359,1630,474,50,25,10,1,5,256,481,11676,14706,216390,2022,12,Monday,4,3,1,1,0,2,3,208,29.71,17.03,7.33,6.67,243515,1,1,[np.int64(32)],32,0,0,0
3830,2022-12-29,12,18,25,28,30,36,48,1230798,129558,1246,305,50,25,10,1,2,143,319,7246,8110,119087,2022,12,Thursday,1,6,0,2,2,2,1,197,28.14,11.78,6.0,3.21,134908,0,0,0,0,0,0,0
3831,2023-01-02,1,13,15,32,41,47,11,714588,100293,2111,431,50,25,10,2,3,98,262,5229,8475,99647,2023,1,Monday,6,1,1,3,0,1,2,160,22.86,17.19,7.67,5.19,113716,0,0,0,0,0,0,0
3832,2023-01-06,12,22,30,32,42,49,8,5521126,68374,1412,304,50,25,10,1,17,566,1438,24338,34930,427413,2023,1,Friday,1,6,1,1,1,2,2,195,27.86,14.99,6.83,2.97,488703,0,1,[np.int64(32)],32,0,0,0
3833,2023-01-09,1,3,13,15,22,43,46,0,62167,1336,350,50,25,10,0,4,128,267,6968,6100,115534,2023,1,Monday,5,2,2,2,1,0,2,143,20.43,17.94,7.5,6.7,129001,0,1,[np.int64(22)],22,0,0,0
3834,2023-01-12,2,6,8,28,31,37,48,2895756,360966,1199,363,50,25,10,1,1,207,373,10795,10582,173241,2023,1,Thursday,2,5,3,0,1,2,1,160,22.86,17.63,7.67,6.24,195200,0,0,0,0,0,0,0
3835,2023-01-16,15,22,23,36,40,42,20,1405462,73972,2055,338,50,25,10,1,4,99,329,5497,8856,105894,2023,1,Monday,2,5,0,1,3,1,2,198,28.29,10.78,4.5,4.03,120680,1,0,0,0,0,0,0
3836,2023-01-20,15,29,35,47,48,49,10,3133188,119931,1738,375,50,25,10,2,11,522,1322,26323,35396,470207,2023,1,Friday,5,2,0,2,1,1,3,233,33.29,16.07,6.5,4.99,533783,2,1,[np.int64(15)],15,0,0,0
3837,2023-01-23,22,30,31,39,43,49,3,0,90615,1888,486,50,25,10,0,3,99,210,4423,7054,83613,2023,1,Monday,5,2,1,0,1,3,2,217,31.0,15.26,7.67,5.62,95402,1,1,[np.int64(49)],49,0,0,0
3838,2023-01-26,2,21,34,40,43,45,13,0,87074,2495,437,50,25,10,0,5,120,374,7159,11165,143356,2023,1,Thursday,4,3,1,1,1,1,3,198,28.29,16.55,7.17,3.98,162179,0,1,[np.int64(43)],43,0,0,0
3839,2023-01-30,13,23,25,26,44,45,38,7239827,136161,1978,416,50,25,10,1,6,284,738,15785,21962,300212,2023,1,Monday,4,3,0,1,3,1,2,214,30.57,11.98,5.33,4.38,338988,2,2,"[np.int64(45), np.int64(13)]",45,13,0,0
3840,2023-02-03,4,6,21,25,34,40,48,4270035,122585,1871,417,50,25,10,3,22,991,2428,54830,70091,1015337,2023,2,Friday,2,5,2,0,2,1,2,178,25.43,16.59,7.33,4.15,1143702,0,1,[np.int64(25)],25,0,0,0
3841,2023-02-06,6,10,15,19,20,30,5,1346894,12329,883,102,50,25,10,1,23,221,1050,9133,17360,137248,2023,2,Monday,3,4,2,3,1,1,0,105,15.0,8.87,4.17,3.02,165036,1,1,[np.int64(6)],6,0,0,0
3842,2023-02-09,18,20,27,37,43,47,10,0,142817,1964,429,50,25,10,0,2,100,250,4858,7322,93339,2023,2,Thursday,4,3,0,2,2,1,2,202,28.86,13.85,6.17,2.61,105871,0,2,"[np.int64(10), np.int64(20)]",10,20,0,0
3843,2023-02-13,5,12,23,28,31,39,37,1070984,78156,1179,346,50,25,10,3,5,228,424,10944,11177,182347,2023,2,Monday,5,2,1,1,2,3,0,175,25.0,12.64,5.67,2.92,205128,0,1,[np.int64(37)],37,0,0,0
3844,2023-02-16,3,10,16,24,42,46,25,0,267935,1900,404,50,25,10,0,1,97,249,5809,7029,104053,2023,2,Thursday,2,5,1,2,2,0,2,166,23.71,15.86,7.17,4.95,117238,0,0,0,0,0,0,0
3845,2023-02-20,4,9,21,22,25,41,18,0,188257,1523,330,50,25,10,0,2,170,429,8900,12329,163591,2023,2,Monday,4,3,2,1,3,0,1,140,20.0,11.92,6.17,5.05,185421,1,1,[np.int64(25)],25,0,0,0
3846,2023-02-23,2,5,19,24,34,44,37,1980493,67377,1358,343,50,25,10,3,9,307,663,13361,15909,248293,2023,2,Thursday,3,4,2,1,1,2,1,165,23.57,16.01,7.0,3.96,278545,0,0,0,0,0,0,0
3847,2023-02-27,6,26,32,39,44,48,11,0,0,2187,482,50,25,10,0,0,86,213,4649,7024,88144,2023,2,Monday,2,5,1,1,1,2,2,206,29.43,16.1,7.0,3.7,100116,0,1,[np.int64(44)],44,0,0,0
3848,2023-03-02,15,22,24,26,29,36,28,2998982,210455,1783,296,50,25,10,1,3,138,454,7431,11221,134430,2023,3,Thursday,2,5,0,1,5,1,0,180,25.71,6.5,3.5,2.5,153678,0,1,[np.int64(26)],26,0,0,0
3849,2023-03-06,21,30,35,36,37,45,1,0,89338,2525,484,50,25,10,0,3,73,208,4681,6389,86248,2023,3,Monday,5,2,1,0,1,4,1,205,29.29,14.45,7.33,6.45,97602,2,1,[np.int64(36)],36,0,0,0
3850,2023-03-09,1,10,30,31,38,45,11,0,357508,1586,277,50,25,10,0,1,155,484,7938,12697,134081,2023,3,Thursday,4,3,1,2,0,3,1,166,23.71,16.41,7.33,6.05,155356,1,3,"[np.int64(1), np.int64(45), np.int64(30)]",1,45,30,0
3851,2023-03-13,1,3,15,18,23,48,41,5813337,85478,1491,396,50,25,10,1,7,276,568,14891,15978,266381,2023,3,Monday,5,2,2,2,1,0,2,149,21.29,17.8,7.83,5.58,298102,0,1,[np.int64(1)],1,0,0,0
3852,2023-03-16,4,14,30,33,37,42,22,0,127669,1810,475,50,25,10,0,2,97,202,4525,6397,85387,2023,3,Thursday,2,5,1,1,1,3,1,182,26.0,13.45,6.33,2.49,96610,0,0,0,0,0,0,0
3853,2023-03-20,7,8,15,27,34,38,37,0,72255,1479,334,50,25,10,0,5,168,406,9035,10468,161496,2023,3,Monday,4,3,2,1,1,3,0,166,23.71,13.54,5.17,3.93,181578,2,1,[np.int64(37)],37,0,0,0
3854,2023-03-23,14,21,26,29,37,40,7,0,82218,1931,405,50,25,10,0,7,205,533,10329,16076,192313,2023,3,Thursday,4,3,1,1,3,1,1,174,24.86,11.88,5.5,1.98,219463,0,2,"[np.int64(37), np.int64(7)]",37,7,0,0
3855,2023-03-27,1,4,17,28,43,45,29,2864243,110897,1812,397,50,25,10,4,11,463,1153,25482,32799,473350,2023,3,Monday,5,2,2,1,2,0,2,167,23.86,17.42,7.33,5.44,533262,0,1,[np.int64(29)],29,0,0,0
3856,2023-03-30,12,26,34,39,41,49,16,1145077,80357,2335,419,50,25,10,1,3,71,216,3920,6151,76731,2023,3,Thursday,3,4,0,2,1,2,2,217,31.0,13.59,6.17,2.73,87093,0,0,0,0,0,0,0
3857,2023-04-03,13,27,28,42,44,45,1,0,127827,1911,446,50,25,10,0,2,92,215,4413,6514,85752,2023,4,Monday,4,3,1,1,2,0,3,200,28.57,16.8,7.33,6.05,96988,2,0,0,0,0,0,0
3858,2023-04-06,6,7,31,42,46,47,27,0,0,2047,535,50,25,10,0,0,115,240,6465,8625,122739,2023,4,Thursday,4,3,2,0,1,1,3,206,29.43,17.33,6.83,6.77,138184,2,2,"[np.int64(42), np.int64(27)]",42,27,0,0
3859,2023-04-10,8,10,12,25,32,38,20,5725463,86338,1305,229,50,25,10,1,11,320,995,16579,23677,279343,2023,4,Monday,1,6,1,2,2,2,0,145,20.71,11.53,5.0,2.31,320926,0,0,0,0,0,0,0
3860,2023-04-13,11,21,30,31,33,38,24,0,250039,1737,353,50,25,10,0,1,99,266,5653,7170,98858,2023,4,Thursday,4,3,0,1,2,4,0,188,26.86,8.97,4.5,2.99,112047,1,1,[np.int64(38)],38,0,0,0
3861,2023-04-17,9,11,17,22,31,43,34,582460,72616,1058,284,50,25,10,5,5,236,481,9643,11877,164821,2023,4,Monday,5,2,1,2,1,2,1,167,23.86,12.63,5.67,2.69,187068,0,2,"[np.int64(11), np.int64(31)]",11,31,0,0
3862,2023-04-20,11,14,21,30,37,40,20,0,60943,1822,356,50,25,10,0,4,92,257,4536,7120,83475,2023,4,Thursday,3,4,0,2,2,2,1,173,24.71,11.19,4.83,2.73,95484,0,1,[np.int64(11)],11,0,0,0
3863,2023-04-24,5,6,25,32,36,49,21,0,177996,1869,399,50,25,10,0,2,131,335,7759,9760,144505,2023,4,Monday,4,3,2,0,2,2,1,174,24.86,15.93,7.33,5.06,162492,1,1,[np.int64(21)],21,0,0,0
3864,2023-04-27,4,9,30,32,40,49,16,5493447,139189,1519,353,50,25,10,1,4,252,593,12090,15194,209987,2023,4,Thursday,2,5,2,1,0,2,2,180,25.71,16.58,7.5,3.69,238121,0,2,"[np.int64(32), np.int64(49)]",32,49,0,0
3865,2023-05-01,22,26,29,30,48,49,46,0,0,2137,454,50,25,10,0,0,84,216,4742,5832,87445,2023,5,Monday,2,5,0,0,3,1,3,250,35.71,11.5,4.5,5.25,98319,2,2,"[np.int64(49), np.int64(30)]",49,30,0,0
3866,2023-05-04,16,21,25,28,37,44,24,0,203565,1730,490,50,25,10,0,3,139,268,6615,9221,123930,2023,5,Thursday,3,4,0,1,4,1,1,195,27.86,9.62,4.67,2.69,140176,0,0,0,0,0,0,0
3867,2023-05-08,1,3,6,11,23,34,39,1455641,68346,1113,286,50,25,10,4,9,380,809,19146,18711,309458,2023,5,Monday,5,2,3,1,1,2,0,117,16.71,15.37,6.33,3.82,348517,0,0,0,0,0,0,0
3868,2023-05-11,1,11,26,38,41,44,6,395716,249926,1246,415,50,25,10,3,1,138,226,4898,7697,88461,2023,5,Thursday,3,4,2,1,1,1,2,167,23.86,17.85,7.17,4.63,101424,0,3,"[np.int64(1), np.int64(11), np.int64(6)]",1,11,6,0
3869,2023-05-15,7,33,36,40,41,42,30,0,129755,2259,468,50,25,10,0,2,79,208,4487,6439,86426,2023,5,Monday,3,4,1,0,0,3,3,229,32.71,12.16,5.83,7.75,97641,2,1,[np.int64(41)],41,0,0,0
3870,2023-05-18,7,13,18,19,25,29,36,1412789,83838,1120,309,50,25,10,2,4,206,407,9760,9729,160388,2023,5,Thursday,5,2,1,3,2,1,0,147,21.0,9.81,4.83,1.95,180496,1,2,"[np.int64(36), np.int64(7)]",36,7,0,0
3871,2023-05-22,1,4,7,8,34,44,12,0,127636,1236,226,50,25,10,0,2,142,424,7399,11477,120964,2023,5,Monday,2,5,4,1,0,1,1,110,15.71,16.52,7.17,7.2,140408,1,1,[np.int64(7)],7,0,0,0
3872,2023-05-25,4,15,17,35,42,48,45,2791139,0,2136,454,50,25,10,1,0,107,275,5560,8670,112891,2023,5,Thursday,4,3,1,2,0,1,3,206,29.43,17.25,7.33,5.68,127504,0,1,[np.int64(4)],4,0,0,0
3873,2023-05-29,5,13,30,34,36,48,20,0,0,2349,472,50,25,10,0,0,74,201,4735,6380,88483,2023,5,Monday,2,5,1,1,1,3,1,186,26.57,14.76,7.17,3.39,99873,0,1,[np.int64(48)],48,0,0,0
3874,2023-06-01,7,15,33,40,45,49,5,0,308737,1777,334,50,25,10,0,3,132,384,6973,10816,117741,2023,6,Thursday,6,1,2,1,0,1,3,194,27.71,18.43,7.33,5.15,136049,0,1,[np.int64(5)],5,0,0,0
3875,2023-06-05,5,16,26,28,32,34,24,5598382,116947,1820,368,50,25,10,1,5,221,596,11724,17237,226100,2023,6,Monday,1,6,1,1,3,2,0,165,23.57,10.06,4.83,3.48,255884,0,1,[np.int64(5)],5,0,0,0
3876,2023-06-08,6,21,31,32,35,48,19,0,123425,1929,575,50,25,10,0,2,88,161,4228,6170,85625,2023,6,Thursday,4,3,1,1,1,3,1,192,27.43,13.45,7.0,5.13,96274,1,1,[np.int64(32)],32,0,0,0
3877,2023-06-12,2,22,28,33,34,36,7,0,175485,1801,327,50,25,10,0,2,134,403,6975,11503,125365,2023,6,Monday,2,5,2,0,2,3,0,162,23.14,13.62,5.67,4.53,144382,1,0,0,0,0,0,0
3878,2023-06-15,6,15,17,42,46,49,20,5500689,186741,1438,395,50,25,10,1,3,268,533,11562,15249,208384,2023,6,Thursday,3,4,1,2,1,0,3,195,27.86,17.32,7.17,7.01,236000,0,0,0,0,0,0,0
3879,2023-06-19,2,25,28,30,32,46,48,0,0,2565,534,50,25,10,0,0,69,181,4214,5451,87071,2023,6,Monday,1,6,1,0,2,2,2,211,30.14,15.26,7.67,8.1,96986,0,1,[np.int64(46)],46,0,0,0
3880,2023-06-22,3,9,28,32,37,46,7,0,304802,2163,369,50,25,10,0,2,112,358,6596,11867,125106,2023,6,Thursday,4,3,3,0,1,2,1,162,23.14,16.75,7.17,5.7,144041,0,3,"[np.int64(32), np.int64(28), np.int64(46)]",32,28,46,0
3881,2023-06-26,4,5,17,28,39,44,31,0,150035,1741,424,50,25,10,0,4,237,531,12396,16290,232715,2023,6,Monday,4,3,2,1,1,2,1,168,24.0,15.81,6.67,4.03,262173,1,1,[np.int64(28)],28,0,0,0
3882,2023-06-29,5,15,16,30,37,46,49,0,1074777,1661,387,50,25,10,0,12,515,1208,25404,33315,475093,2023,6,Thursday,4,3,1,2,0,2,2,198,28.29,16.79,7.33,4.35,535547,1,1,[np.int64(5)],5,0,0,0
3883,2023-07-03,14,30,34,40,45,49,12,0,68700,2223,439,50,25,10,0,4,85,235,4664,6423,87982,2023,7,Monday,2,5,0,2,0,2,3,224,32.0,14.46,6.17,4.56,99393,0,2,"[np.int64(49), np.int64(30)]",49,30,0,0
3884,2023-07-06,13,16,28,34,38,40,47,2996600,356065,1666,508,50,25,10,1,1,147,263,6591,7890,121282,2023,7,Thursday,2,5,0,2,1,2,2,216,30.86,12.6,5.67,3.3,136175,0,2,"[np.int64(40), np.int64(34)]",40,34,0,0
3885,2023-07-10,2,8,30,33,39,41,24,0,88602,2125,443,50,25,10,0,3,86,225,5034,6798,97565,2023,7,Monday,3,4,2,0,1,3,1,177,25.29,15.05,6.5,4.54,109711,0,0,0,0,0,0,0
3886,2023-07-13,4,12,14,20,21,22,10,1459466,38746,1193,171,50,25,10,2,9,201,765,9635,15885,152665,2023,7,Thursday,1,6,1,3,3,0,0,103,14.71,6.65,3.0,2.16,179162,2,0,0,0,0,0,0
3887,2023-07-17,18,25,27,32,35,39,48,622454,43681,2198,469,50,25,10,2,6,82,210,5070,5848,91995,2023,7,Monday,4,3,0,1,2,3,1,224,32.0,9.87,5.0,2.38,103213,0,0,0,0,0,0,0
3888,2023-07-20,10,20,26,39,44,46,3,575032,80707,1234,473,50,25,10,2,3,135,192,4021,6157,79213,2023,7,Thursday,2,5,1,1,2,1,2,188,26.86,16.88,7.17,3.53,89723,0,1,[np.int64(39)],39,0,0,0
3889,2023-07-24,1,5,18,20,38,44,45,0,84873,2110,443,50,25,10,0,3,83,216,5681,6649,104843,2023,7,Monday,3,4,2,1,1,1,2,171,24.43,18.16,7.33,6.16,117475,1,2,"[np.int64(44), np.int64(20)]",44,20,0,0
3890,2023-07-27,8,10,21,27,34,36,2,2795924,166999,1595,328,50,25,10,1,2,144,383,7522,11349,138561,2023,7,Thursday,2,5,2,1,2,2,0,138,19.71,13.35,5.67,3.09,157962,0,0,0,0,0,0,0
3891,2023-07-31,2,23,29,35,39,45,6,0,91658,2590,397,50,25,10,0,3,73,260,5039,7948,93177,2023,7,Monday,5,2,2,0,2,2,1,179,25.57,16.35,7.17,4.49,106500,0,1,[np.int64(2)],2,0,0,0
3892,2023-08-04,19,25,27,28,29,48,34,2432087,140121,1633,382,50,25,10,3,9,531,1239,27657,34031,484798,2023,8,Friday,4,3,0,1,4,1,1,210,30.0,9.13,4.83,4.52,548268,2,1,[np.int64(29)],29,0,0,0
3893,2023-08-07,5,15,18,31,41,49,16,0,79274,2097,475,50,25,10,0,3,78,188,4567,6322,91594,2023,8,Monday,5,2,1,3,0,1,2,175,25.0,15.8,7.33,4.38,102752,0,0,0,0,0,0,0
3894,2023-08-10,3,6,16,29,37,45,12,0,170323,2130,323,50,25,10,0,2,110,396,6822,11089,126909,2023,8,Thursday,4,3,2,2,1,1,1,148,21.14,16.08,7.0,3.27,145328,0,1,[np.int64(16)],16,0,0,0
3895,2023-08-14,5,22,31,32,41,49,14,5568036,118751,1908,322,50,25,10,1,5,214,692,11472,17350,209069,2023,8,Monday,4,3,1,1,1,2,2,194,27.71,15.25,7.33,2.87,238803,1,0,0,0,0,0,0
3896,2023-08-17,4,8,32,33,45,47,12,0,0,2476,381,50,25,10,0,0,69,245,4036,7374,85969,2023,8,Thursday,3,4,2,1,0,2,2,181,25.86,17.75,7.17,6.74,97693,1,1,[np.int64(32)],32,0,0,0
3897,2023-08-21,1,18,21,28,31,41,11,2932433,17639,1308,87,50,25,10,1,35,194,1591,8740,15113,148678,2023,8,Monday,5,2,1,2,2,1,1,151,21.57,13.26,6.67,2.87,174352,0,0,0,0,0,0,0
3898,2023-08-24,1,13,26,34,37,41,9,0,61389,2483,357,50,25,10,0,4,68,258,3938,6940,77611,2023,8,Thursday,5,2,2,1,1,2,1,161,23.0,15.44,6.67,3.45,88819,0,2,"[np.int64(1), np.int64(41)]",1,41,0,0
3899,2023-08-28,1,3,7,12,15,32,34,2854825,177731,1040,350,50,25,10,1,2,235,381,11610,9775,186631,2023,8,Monday,4,3,3,2,0,2,0,104,14.86,13.31,5.5,5.25,208635,0,2,"[np.int64(1), np.int64(34)]",1,34,0,0
3900,2023-08-31,14,29,31,39,40,48,47,0,121743,2042,541,50,25,10,0,2,82,169,3965,4992,77485,2023,8,Thursday,4,3,0,1,1,2,3,248,35.43,11.87,5.67,5.02,86695,2,0,0,0,0,0,0
3901,2023-09-04,1,4,12,33,45,48,35,2836385,117883,1677,455,50,25,10,1,3,145,292,6900,8561,138468,2023,9,Monday,4,3,2,1,0,2,2,178,25.43,19.48,7.83,6.57,154370,0,1,[np.int64(48)],48,0,0,0
3902,2023-09-07,17,19,24,26,31,46,37,0,242958,1920,512,50,25,10,0,1,87,178,4659,5645,85861,2023,9,Thursday,4,3,0,2,2,2,1,200,28.57,10.28,4.83,2.41,96431,0,0,0,0,0,0,0
3903,2023-09-11,1,20,21,27,38,48,17,0,0,2385,387,50,25,10,0,0,101,340,6206,9714,126062,2023,9,Monday,4,3,1,1,3,1,1,172,24.57,15.18,7.83,5.08,142423,1,1,[np.int64(17)],17,0,0,0
3904,2023-09-14,14,18,24,26,37,45,28,0,231326,1781,397,50,25,10,0,4,222,544,10664,16775,202156,2023,9,Thursday,2,5,0,2,3,1,1,192,27.43,10.67,5.17,2.73,230365,0,0,0,0,0,0,0
3905,2023-09-18,4,7,27,32,37,49,44,3244955,173815,1663,408,50,25,10,4,9,647,1441,34069,43569,603512,2023,9,Monday,4,3,2,0,1,2,2,200,28.57,17.37,7.5,5.71,683251,0,1,[np.int64(37)],37,0,0,0
3906,2023-09-21,2,8,28,31,48,49,37,0,0,1367,399,50,25,10,0,0,118,221,6210,5887,104496,2023,9,Thursday,3,4,2,0,1,2,2,203,29.0,18.26,7.83,6.26,116932,1,2,"[np.int64(49), np.int64(37)]",49,37,0,0
3907,2023-09-25,3,14,19,23,28,43,25,0,603321,1878,342,50,25,10,0,1,135,405,8264,12089,151268,2023,9,Monday,5,2,1,2,3,0,1,155,22.14,12.39,6.67,4.71,172162,0,1,[np.int64(28)],28,0,0,0
3908,2023-09-28,3,13,23,28,37,38,9,0,47930,1398,259,50,25,10,0,12,283,834,13994,23187,233390,2023,9,Thursday,5,2,2,1,2,2,0,151,21.57,13.71,5.83,3.02,271700,1,3,"[np.int64(3), np.int64(28), np.int64(23)]",3,28,23,0
3909,2023-10-02,2,10,12,13,45,48,11,13077918,62991,1570,306,50,25,10,1,25,690,1936,36337,53754,654305,2023,10,Monday,3,4,1,4,0,0,2,141,20.14,18.38,7.67,11.16,747048,1,1,[np.int64(13)],13,0,0,0
3910,2023-10-05,4,7,9,38,41,42,16,0,64795,1537,374,50,25,10,0,4,116,260,5485,7670,108040,2023,10,Thursday,3,4,3,1,0,1,2,157,22.43,17.17,6.33,7.25,121575,1,0,0,0,0,0,0
3911,2023-10-09,1,5,9,25,44,49,43,1031021,48999,896,353,50,25,10,3,8,301,417,12061,10852,199583,2023,10,Monday,6,1,3,0,1,0,3,176,25.14,20.38,8.0,6.51,223225,0,1,[np.int64(9)],9,0,0,0
3912,2023-10-12,14,15,26,35,44,46,43,0,130117,2237,511,50,25,10,0,2,80,191,4451,5199,83768,2023,10,Thursday,3,4,0,2,1,1,3,223,31.86,13.66,5.33,4.11,93691,1,2,"[np.int64(43), np.int64(44)]",43,44,0,0
3913,2023-10-16,21,27,30,38,40,44,6,3007219,124289,1872,417,50,25,10,1,3,137,336,6388,10405,124834,2023,10,Monday,2,5,1,0,2,2,2,206,29.43,13.06,6.33,4.35,142104,0,1,[np.int64(44)],44,0,0,0
3914,2023-10-19,1,7,16,20,35,41,6,1163272,122450,1452,352,50,25,10,1,2,116,261,5047,8887,92792,2023,10,Thursday,4,3,3,1,1,1,1,126,18.0,15.17,6.67,4.42,107106,0,1,[np.int64(6)],6,0,0,0
3915,2023-10-23,2,3,13,15,34,37,8,0,257824,2396,293,50,25,10,0,1,74,331,5022,9493,97541,2023,10,Monday,4,3,3,2,0,2,0,112,16.0,14.17,5.83,6.07,112462,1,0,0,0,0,0,0
3916,2023-10-26,1,6,17,19,34,45,48,0,83456,2273,412,50,25,10,0,4,101,304,6592,8038,129939,2023,10,Thursday,4,3,2,2,0,1,2,170,24.29,18.45,7.83,4.78,144978,0,1,[np.int64(34)],34,0,0,0
3917,2023-10-30,12,24,26,32,34,38,28,5617423,73872,1639,294,50,25,10,1,8,248,755,11844,18351,214906,2023,10,Monday,0,7,0,1,3,3,0,194,27.71,8.44,4.33,3.54,246113,0,1,[np.int64(34)],34,0,0,0
3918,2023-11-02,3,12,22,29,35,42,49,1166022,245479,1395,493,50,25,10,1,1,121,187,5408,5870,95303,2023,11,Thursday,4,3,1,1,2,1,2,192,27.43,16.34,7.67,1.37,106891,0,1,[np.int64(12)],12,0,0,0
3919,2023-11-06,11,20,22,28,32,37,4,1223114,0,1655,352,50,25,10,1,0,107,275,5376,8011,101047,2023,11,Monday,2,5,1,1,3,2,0,154,22.0,11.62,5.5,2.22,114817,0,1,[np.int64(22)],22,0,0,0
3920,2023-11-09,2,3,11,17,35,40,45,0,509652,2016,466,50,25,10,0,1,86,203,5129,6065,102259,2023,11,Thursday,5,2,2,2,0,1,2,153,21.86,17.93,7.17,5.27,113743,1,1,[np.int64(11)],11,0,0,0
3921,2023-11-13,6,10,16,24,27,43,31,2919480,72495,1484,339,50,25,10,1,5,168,402,8524,11128,150675,2023,11,Monday,3,4,1,2,2,1,1,157,22.43,12.82,6.17,3.08,170903,0,0,0,0,0,0,0
3922,2023-11-16,10,13,15,28,29,37,22,0,80205,1452,311,50,25,10,0,3,114,291,5287,7514,97413,2023,11,Thursday,4,3,0,3,3,1,0,154,22.0,9.87,4.5,2.63,110622,1,1,[np.int64(10)],10,0,0,0
3923,2023-11-20,12,13,18,22,25,28,47,0,57728,957,376,50,25,10,0,6,249,346,10561,8392,162803,2023,11,Monday,3,4,0,3,3,0,1,165,23.57,11.9,5.83,6.01,182357,1,3,"[np.int64(28), np.int64(13), np.int64(22)]",28,13,22,0
3924,2023-11-23,2,24,30,37,43,45,35,2672397,538238,1706,442,50,25,10,2,1,217,457,10025,13171,182902,2023,11,Thursday,4,3,1,0,1,3,2,216,30.86,14.62,7.17,6.84,206775,0,0,0,0,0,0,0
3925,2023-11-27,16,19,20,26,33,40,23,1198481,84104,2090,331,50,25,10,1,3,83,286,4819,8103,88047,2023,11,Monday,3,4,0,2,3,1,1,177,25.29,8.52,4.0,2.24,101342,1,0,0,0,0,0,0
3926,2023-11-30,3,32,34,38,41,42,17,1151815,0,1603,506,50,25,10,1,0,104,180,4423,6038,80505,2023,11,Thursday,3,4,1,1,0,3,2,207,29.57,14.41,6.5,5.74,91251,1,0,0,0,0,0,0
3927,2023-12-04,6,18,26,31,37,38,22,0,0,1965,420,50,25,10,0,0,92,235,5192,7055,96845,2023,12,Monday,2,5,1,1,2,3,0,178,25.43,11.31,5.33,3.35,109419,1,1,[np.int64(38)],38,0,0,0
3928,2023-12-07,10,16,25,29,42,44,48,2915532,214071,1814,409,50,25,10,1,4,133,322,6925,8045,126103,2023,12,Thursday,2,5,0,2,2,0,3,214,30.57,14.63,6.33,3.68,141533,0,0,0,0,0,0,0
3929,2023-12-11,9,12,21,22,44,47,31,0,126398,1774,333,50,25,10,0,2,98,285,5612,7814,108022,2023,12,Monday,4,3,1,1,2,1,2,186,26.57,14.8,6.33,4.27,121833,1,1,[np.int64(44)],44,0,0,0
3930,2023-12-14,22,32,34,39,40,42,5,0,334334,2705,370,50,25,10,0,1,85,339,5846,8516,109920,2023,12,Thursday,2,5,1,0,1,3,2,214,30.57,13.11,6.17,5.7,124707,1,1,[np.int64(22)],22,0,0,0
3931,2023-12-18,12,15,16,23,24,38,44,0,148395,1552,406,50,25,10,0,4,263,549,14926,15990,266116,2023,12,Monday,2,5,0,3,2,1,1,172,24.57,12.14,5.33,4.5,297848,2,0,0,0,0,0,0
3932,2023-12-21,7,8,24,25,29,40,18,0,1191969,1688,339,50,25,10,0,12,616,1674,33375,48169,611744,2023,12,Thursday,3,4,2,1,3,0,1,151,21.57,11.7,5.5,3.95,695590,2,1,[np.int64(24)],24,0,0,0
3933,2023-12-25,11,12,19,23,25,41,47,665967,140204,873,349,50,25,10,2,2,221,302,11885,7684,161486,2023,12,Monday,6,1,0,3,2,0,2,178,25.43,13.81,6.0,4.93,181582,1,1,[np.int64(25)],25,0,0,0
3934,2023-12-28,13,17,18,24,37,41,15,0,133724,1839,412,50,25,10,0,2,100,244,5009,7196,93999,2023,12,Thursday,5,2,0,4,1,1,1,165,23.57,11.13,4.67,4.07,106550,1,1,[np.int64(41)],41,0,0,0
3935,2024-01-01,8,16,23,24,36,48,5,1719718,25370,1474,255,50,25,10,2,18,213,673,11069,17962,191385,2024,1,Monday,2,5,2,1,2,1,1,160,22.86,15.24,7.17,4.14,221322,1,1,[np.int64(24)],24,0,0,0
3936,2024-01-05,7,12,17,20,31,35,22,1965174,73010,1404,292,50,25,10,3,17,608,1598,30291,41419,525873,2024,1,Friday,4,3,1,2,2,2,0,144,20.57,9.91,4.67,2.21,599809,0,0,0,0,0,0,0
3937,2024-01-08,11,20,28,30,36,38,37,0,259307,1766,420,50,25,10,0,1,101,232,5222,6406,102582,2024,1,Monday,2,5,0,1,2,4,0,200,28.57,10.0,4.5,3.3,114544,1,1,[np.int64(20)],20,0,0,0
3938,2024-01-11,2,9,10,43,45,46,13,1504496,74834,1326,380,50,25,10,2,5,194,370,8176,10728,147402,2024,1,Thursday,4,3,2,2,0,0,3,168,24.0,19.63,7.33,10.34,166877,2,0,0,0,0,0,0
3939,2024-01-15,24,25,26,28,30,35,4,1295233,0,1410,507,50,25,10,1,0,133,202,6059,7618,102418,2024,1,Monday,2,5,1,0,4,2,0,172,24.57,9.8,5.17,6.77,116431,2,0,0,0,0,0,0
3940,2024-01-18,5,28,30,37,38,41,43,0,178761,2184,456,50,25,10,0,3,83,217,5107,6104,94677,2024,1,Thursday,4,3,1,0,1,3,2,222,31.71,12.98,6.33,7.7,106191,1,2,"[np.int64(28), np.int64(30)]",28,30,0,0
3941,2024-01-22,1,3,8,13,40,48,6,3081026,38504,1351,199,50,25,10,1,10,196,728,10494,17684,172323,2024,1,Monday,3,4,4,1,0,0,2,119,17.0,18.97,7.83,8.82,201436,0,0,0,0,0,0,0
3942,2024-01-25,10,18,44,45,48,49,20,0,262384,1961,400,50,25,10,0,1,92,246,5624,6655,90433,2024,1,Thursday,2,5,0,2,1,0,4,234,33.43,16.67,6.5,8.18,103051,2,1,[np.int64(48)],48,0,0,0
3943,2024-01-29,20,22,24,28,40,49,27,1586297,67589,1491,361,50,25,10,2,6,187,422,9425,11487,157839,2024,1,Monday,2,5,0,0,5,0,2,210,30.0,10.6,4.83,4.14,179368,0,2,"[np.int64(49), np.int64(20)]",49,20,0,0
3944,2024-02-02,2,27,29,36,44,48,12,5974351,96751,1988,375,50,25,10,1,13,435,1258,24123,36873,458328,2024,2,Friday,2,5,1,1,2,1,2,198,28.29,16.6,7.67,4.19,521031,0,1,[np.int64(27)],27,0,0,0
3945,2024-02-05,14,17,20,25,28,37,13,0,54964,750,339,50,25,10,0,5,252,304,5836,7839,103717,2024,2,Monday,4,3,0,3,3,1,0,154,22.0,8.6,4.0,2.52,117953,0,0,0,0,0,0,0
3946,2024-02-08,6,16,21,27,31,37,49,3311366,46924,1641,370,50,25,10,1,9,177,429,9673,10548,167959,2024,2,Thursday,5,2,1,1,2,2,1,187,26.71,14.13,7.17,2.85,188796,0,1,[np.int64(37)],37,0,0,0
3947,2024-02-12,9,16,20,25,31,39,41,0,165782,1983,416,50,25,10,0,2,115,299,6792,8277,130480,2024,2,Monday,5,2,1,1,2,2,1,181,25.86,11.87,5.33,1.97,145965,0,2,"[np.int64(16), np.int64(31)]",16,31,0,0
3948,2024-02-15,15,18,22,35,41,48,5,3725231,56587,1476,310,50,25,10,1,8,211,548,9044,14488,160941,2024,2,Thursday,4,3,1,2,1,1,2,184,26.29,15.45,7.17,3.44,185241,0,1,[np.int64(41)],41,0,0,0
3949,2024-02-19,1,10,21,29,35,42,27,1744053,367169,2158,479,50,25,10,1,1,117,288,7355,9901,139130,2024,2,Monday,5,2,1,1,3,1,1,165,23.57,14.21,6.83,2.79,156793,0,1,[np.int64(35)],35,0,0,0
3950,2024-02-23,18,21,26,35,38,43,40,3087960,108350,1827,400,50,25,10,4,24,979,2440,51357,68053,956000,2024,2,Friday,3,4,0,1,2,2,2,221,31.57,9.85,4.17,2.34,1078857,0,2,"[np.int64(35), np.int64(21)]",35,21,0,0
3951,2024-02-26,2,8,14,27,39,42,10,0,0,2235,367,50,25,10,0,0,81,269,5210,8419,100411,2024,2,Monday,2,5,2,2,1,1,1,142,20.29,15.8,6.67,4.31,114390,0,0,0,0,0,0,0
3952,2024-02-29,1,14,28,44,45,49,16,1531384,107466,2050,449,50,25,10,2,6,128,319,7173,9703,139189,2024,2,Thursday,3,4,1,2,1,0,3,197,28.14,18.51,8.0,5.86,156520,1,1,[np.int64(14)],14,0,0,0
3953,2024-03-04,13,17,25,27,28,44,3,0,45727,1747,282,50,25,10,0,6,108,365,5799,8889,105050,2024,3,Monday,5,2,1,2,3,0,1,157,22.43,13.04,6.83,5.18,120217,1,2,"[np.int64(44), np.int64(28)]",44,28,0,0
3954,2024-03-07,5,11,15,20,31,47,44,0,361944,1431,375,50,25,10,0,1,174,362,9089,9224,163169,2024,3,Thursday,5,2,1,2,1,1,2,173,24.71,16.34,7.0,3.7,182019,0,1,[np.int64(44)],44,0,0,0
3955,2024-03-11,5,9,30,37,40,49,33,0,95881,1768,373,50,25,10,0,7,261,676,14543,18745,266194,2024,3,Monday,5,2,2,0,0,3,2,203,29.0,16.22,7.33,6.45,300426,0,1,[np.int64(5)],5,0,0,0
3956,2024-03-14,8,26,34,35,45,46,36,4469698,101034,1909,353,50,25,10,3,15,546,1612,30677,42203,562557,2024,3,Thursday,2,5,1,0,1,3,2,230,32.86,12.92,6.33,6.21,637613,2,0,0,0,0,0,0
3957,2024-03-18,1,4,6,15,30,48,45,0,134021,1418,403,50,25,10,0,2,130,250,6703,7172,120430,2024,3,Monday,3,4,3,1,0,1,2,149,21.29,19.73,7.83,5.55,134687,0,1,[np.int64(45)],45,0,0,0
3958,2024-03-21,6,8,18,19,33,44,15,0,372412,1674,300,50,25,10,0,1,153,467,9115,12316,163334,2024,3,Thursday,3,4,2,3,0,1,1,143,20.43,13.62,6.33,4.82,185386,1,2,"[np.int64(6), np.int64(15)]",6,15,0,0
3959,2024-03-25,4,23,25,27,28,32,21,3084967,219494,1500,256,50,25,10,2,3,302,965,17074,23676,291822,2024,3,Monday,4,3,1,0,5,1,0,160,22.86,9.04,4.67,5.59,333844,1,0,0,0,0,0,0
3960,2024-03-28,6,8,13,17,26,37,18,0,66230,1301,291,50,25,10,0,4,140,342,7552,10202,123531,2024,3,Thursday,3,4,2,3,1,1,0,125,17.86,10.76,5.17,3.44,141771,0,0,0,0,0,0,0
3961,2024-04-01,3,12,18,19,27,41,15,3082102,127982,1314,360,50,25,10,1,3,201,400,9057,12540,164972,2024,4,Monday,5,2,1,4,1,0,1,135,19.29,12.04,6.33,4.46,187174,1,1,[np.int64(18)],18,0,0,0
3962,2024-04-04,3,4,13,31,36,43,19,0,64614,1367,302,50,25,10,0,4,130,321,6248,8609,107850,2024,4,Thursday,5,2,2,2,0,2,1,149,21.29,15.76,6.67,3.4,123162,1,2,"[np.int64(19), np.int64(3)]",19,3,0,0
3963,2024-04-08,12,23,24,34,43,46,42,3044451,127495,1742,308,50,25,10,1,3,151,466,7425,10209,135895,2024,4,Monday,2,5,0,1,2,1,3,224,32.0,12.69,5.67,4.15,154150,1,1,[np.int64(43)],43,0,0,0
3964,2024-04-11,22,28,33,40,43,47,16,0,257348,2132,458,50,25,10,0,1,83,211,4234,5980,82372,2024,4,Thursday,3,4,0,1,2,1,3,229,32.71,11.4,5.17,1.34,92881,0,1,[np.int64(43)],43,0,0,0
3965,2024-04-15,5,10,28,36,41,42,19,1483404,61208,2004,316,50,25,10,2,6,126,436,7212,10721,134115,2024,4,Monday,3,4,1,2,1,1,2,181,25.86,14.89,6.17,2.85,152618,1,1,[np.int64(28)],28,0,0,0
3966,2024-04-18,18,22,29,32,37,47,49,0,0,2829,529,50,25,10,0,0,60,175,4313,5752,84283,2024,4,Thursday,4,3,0,1,2,2,2,234,33.43,11.76,5.17,2.67,94583,0,0,0,0,0,0,0
3967,2024-04-22,6,8,11,16,33,37,23,0,121789,1423,240,50,25,10,0,5,175,566,9747,14023,165881,2024,4,Monday,4,3,2,2,1,2,0,134,19.14,12.24,5.17,2.67,190397,0,1,[np.int64(37)],37,0,0,0
3968,2024-04-25,5,9,11,18,28,36,35,2820879,96467,932,316,50,25,10,2,6,427,687,18595,18415,294740,2024,4,Thursday,4,3,2,2,1,2,0,142,20.29,12.75,5.17,3.13,332872,1,1,[np.int64(11)],11,0,0,0
3969,2024-04-29,2,7,12,31,36,45,30,0,86796,2035,287,50,25,10,0,3,88,341,5947,8187,110617,2024,4,Monday,3,4,2,1,0,3,1,163,23.29,16.25,7.17,5.37,125183,0,1,[np.int64(36)],36,0,0,0
3970,2024-05-02,4,5,31,37,43,46,7,0,356376,2849,423,50,25,10,0,1,86,316,6152,10050,121692,2024,5,Thursday,5,2,3,0,0,2,2,173,24.71,18.75,7.0,7.83,138297,1,2,"[np.int64(31), np.int64(7)]",31,7,0,0
3971,2024-05-06,1,5,9,31,33,37,36,0,154348,1705,302,50,25,10,0,4,249,768,15323,19232,280832,2024,5,Monday,6,1,3,0,0,4,0,152,21.71,15.92,6.0,7.23,316408,1,3,"[np.int64(37), np.int64(5), np.int64(31)]",37,5,31,0
3972,2024-05-09,9,15,20,26,43,49,36,13123509,127391,2006,392,50,25,10,1,12,524,1463,31981,42235,598997,2024,5,Thursday,4,3,1,1,2,1,2,198,28.29,14.87,6.67,1.6,675213,0,2,"[np.int64(9), np.int64(36)]",9,36,0,0
3973,2024-05-13,2,16,17,22,24,49,42,0,63305,2001,405,50,25,10,0,4,87,235,4989,6630,94721,2024,5,Monday,2,5,1,2,2,0,2,172,24.57,16.06,7.83,6.2,106666,1,1,[np.int64(49)],49,0,0,0
3974,2024-05-16,2,12,15,28,35,48,24,0,90465,1606,320,50,25,10,0,4,155,425,8076,11413,148638,2024,5,Thursday,2,5,1,2,2,1,1,164,23.43,15.38,7.67,3.45,168711,0,2,"[np.int64(24), np.int64(2)]",24,2,0,0
3975,2024-05-20,7,10,32,33,39,48,37,2939453,124518,1838,493,50,25,10,2,5,233,474,11868,15764,225682,2024,5,Monday,4,3,1,1,0,4,1,206,29.43,15.24,6.83,7.24,254028,1,1,[np.int64(48)],48,0,0,0
3976,2024-05-23,3,4,22,27,39,43,6,0,84848,1786,344,50,25,10,0,3,98,278,5117,8140,94724,2024,5,Thursday,4,3,3,0,2,1,1,144,20.57,16.74,6.67,5.47,108360,1,1,[np.int64(39)],39,0,0,0
3977,2024-05-27,14,23,28,34,41,48,17,2959173,184221,2165,426,50,25,10,1,2,117,325,6891,9687,133015,2024,5,Monday,3,4,0,2,2,1,2,205,29.29,12.49,5.67,1.37,150038,0,0,0,0,0,0,0
3978,2024-05-30,6,9,11,17,28,45,21,1181255,124343,860,213,50,25,10,1,2,199,438,8076,9908,129784,2024,5,Thursday,5,2,2,2,2,0,1,137,19.57,13.51,6.5,4.99,148408,0,2,"[np.int64(17), np.int64(28)]",17,28,0,0
3979,2024-06-03,1,28,30,32,33,39,11,1250273,263216,2382,389,50,25,10,1,1,76,254,4932,6917,89899,2024,6,Monday,4,3,1,1,1,4,0,174,24.86,13.63,6.33,5.68,102080,1,2,"[np.int64(11), np.int64(28)]",11,28,0,0
3980,2024-06-06,4,5,10,14,35,43,12,1177640,49585,1894,302,50,25,10,1,5,90,308,5681,9155,103740,2024,6,Thursday,3,4,2,3,0,1,1,123,17.57,15.24,6.5,6.9,118980,1,0,0,0,0,0,0
3981,2024-06-10,1,10,13,23,31,34,43,622568,21845,944,265,50,25,10,2,12,191,371,7449,8003,117250,2024,6,Monday,5,2,1,2,1,2,1,155,22.14,14.9,7.0,2.89,133278,0,2,"[np.int64(10), np.int64(43)]",10,43,0,0
3982,2024-06-13,4,7,10,17,30,41,21,0,126775,1203,293,50,25,10,0,2,145,325,6763,8672,111597,2024,6,Thursday,4,3,2,2,1,1,1,130,18.57,13.3,6.17,3.08,127504,0,1,[np.int64(10)],10,0,0,0
3983,2024-06-17,8,10,12,16,17,30,19,2885049,88458,839,235,50,25,10,1,4,290,565,12694,15079,187930,2024,6,Monday,2,5,1,5,0,1,0,112,16.0,7.33,3.67,3.4,216563,1,3,"[np.int64(17), np.int64(10), np.int64(30)]",17,10,30,0
3984,2024-06-20,3,12,14,16,17,30,27,1195673,27969,1342,271,50,25,10,1,9,129,349,7703,8712,111517,2024,6,Thursday,3,4,1,4,1,1,0,119,17.0,9.13,4.5,3.59,128420,1,4,"[np.int64(16), np.int64(17), np.int64(12), np.int64(30)]",16,17,12,30
3985,2024-06-24,20,23,28,30,34,49,25,0,0,2082,377,50,25,10,0,0,87,262,4809,7724,92890,2024,6,Monday,3,4,0,0,4,2,1,209,29.86,9.62,4.83,4.6,105772,0,1,[np.int64(30)],30,0,0,0
3986,2024-06-27,1,8,11,14,17,30,5,1470113,47615,1015,145,50,25,10,2,13,241,925,11534,20379,175340,2024,6,Thursday,4,3,3,3,0,1,0,86,12.29,9.48,4.83,3.67,208434,0,1,[np.int64(30)],30,0,0,0
3987,2024-07-01,11,19,21,26,28,33,39,1280103,89832,1993,386,50,25,10,1,3,93,262,6502,7119,116308,2024,7,Monday,5,2,0,2,3,2,0,177,25.29,9.29,4.67,2.13,130288,0,1,[np.int64(11)],11,0,0,0
3988,2024-07-04,4,9,12,15,31,44,33,0,65038,1325,383,50,25,10,0,4,135,255,7749,7484,130561,2024,7,Thursday,4,3,2,2,0,2,1,148,21.14,14.85,6.67,5.12,146188,0,1,[np.int64(33)],33,0,0,0
3989,2024-07-08,15,18,29,34,38,44,35,3008649,46656,1723,326,50,25,10,1,8,149,430,7342,9587,135171,2024,7,Monday,3,4,0,2,1,3,1,213,30.43,10.56,4.83,3.18,152688,0,2,"[np.int64(44), np.int64(15)]",44,15,0,0
3990,2024-07-11,15,17,22,32,34,40,6,0,87137,1892,396,50,25,10,0,3,95,248,4782,7265,88213,2024,7,Thursday,2,5,1,2,1,2,1,166,23.71,12.09,5.67,3.09,100606,0,2,"[np.int64(34), np.int64(15)]",34,15,0,0
3991,2024-07-15,4,6,17,32,37,41,10,0,186640,2087,441,50,25,10,0,2,123,318,6913,10878,135842,2024,7,Monday,3,4,2,2,0,2,1,147,21.0,15.43,6.17,4.22,154076,0,3,"[np.int64(32), np.int64(17), np.int64(6)]",32,17,6,0
3992,2024-07-18,8,10,11,12,14,20,38,2934077,66746,564,249,50,25,10,2,9,733,906,25949,19667,337545,2024,7,Thursday,1,6,1,4,1,1,0,113,16.14,10.37,5.0,6.06,384811,2,1,[np.int64(10)],10,0,0,0
3993,2024-07-22,4,9,12,15,37,47,44,0,67224,2055,233,50,25,10,0,4,90,434,6128,7548,114824,2024,7,Monday,4,3,2,2,0,1,2,168,24.0,18.02,7.17,6.79,129028,0,1,[np.int64(12)],12,0,0,0
3994,2024-07-25,14,21,34,35,43,49,33,0,91277,2282,489,50,25,10,0,4,110,280,6714,9189,119635,2024,7,Thursday,5,2,0,1,1,3,2,229,32.71,12.01,5.83,3.89,135932,1,0,0,0,0,0,0
3995,2024-07-29,19,24,29,30,31,46,28,6102326,81338,1804,324,50,25,10,1,8,248,755,14969,21378,258354,2024,7,Monday,3,4,0,1,3,2,1,207,29.57,8.34,4.5,4.96,295713,2,0,0,0,0,0,0
3996,2024-08-02,14,16,22,23,36,42,21,1501809,126469,1626,398,50,25,10,4,10,535,1194,26481,35000,480532,2024,8,Friday,2,5,0,2,3,1,1,174,24.86,10.33,4.67,4.19,543756,1,0,0,0,0,0,0
3997,2024-08-05,1,12,15,30,42,43,22,0,128792,1640,364,50,25,10,0,2,108,266,5424,7473,99569,2024,8,Monday,3,4,1,2,1,1,2,165,23.57,15.69,7.0,3.96,112842,1,2,"[np.int64(42), np.int64(22)]",42,22,0,0
3998,2024-08-08,23,26,32,36,41,49,31,0,92693,1783,529,50,25,10,0,4,143,263,7167,8793,120664,2024,8,Thursday,4,3,0,0,2,3,2,238,34.0,8.91,4.33,2.13,137034,0,0,0,0,0,0,0
3999,2024-08-12,2,8,27,33,34,43,11,2990112,78831,1815,305,50,25,10,2,8,239,776,13092,21621,245277,2024,8,Monday,4,3,2,1,1,2,1,158,22.57,15.52,6.83,4.81,281015,1,0,0,0,0,0,0
4000,2024-08-15,15,24,35,36,42,46,48,1233654,129859,1841,435,50,25,10,1,2,97,224,4980,6154,88926,2024,8,Thursday,2,5,0,1,1,2,3,246,35.14,11.98,5.5,3.59,100384,1,0,0,0,0,0,0
4001,2024-08-19,2,3,16,26,29,41,12,0,267513,1688,359,50,25,10,0,1,109,280,5464,9634,97498,2024,8,Monday,3,4,2,2,2,0,1,129,18.43,14.34,6.5,4.03,112986,1,0,0,0,0,0,0
4002,2024-08-22,2,5,8,43,45,48,41,988861,44629,1313,407,50,25,10,3,8,187,329,7933,8593,148025,2024,8,Thursday,4,3,3,0,0,0,4,192,27.43,21.16,7.67,11.34,165078,0,2,"[np.int64(41), np.int64(2)]",41,2,0,0
4003,2024-08-26,6,8,18,34,35,37,33,1248227,0,2231,304,50,25,10,1,0,81,325,5673,8025,107754,2024,8,Monday,3,4,2,1,0,4,0,171,24.43,13.45,5.17,5.4,121859,1,1,[np.int64(8)],8,0,0,0
4004,2024-08-29,3,9,10,12,27,41,29,1219985,86604,866,207,50,25,10,1,6,204,467,8681,11959,137003,2024,8,Thursday,5,2,2,2,2,0,1,131,18.71,13.74,6.33,5.37,158321,1,0,0,0,0,0,0
4005,2024-09-02,6,7,13,30,37,39,16,0,45132,1422,298,50,25,10,0,6,131,341,6932,8437,121061,2024,9,Monday,4,3,2,2,0,3,0,148,21.14,13.97,5.5,4.35,136908,1,0,0,0,0,0,0
4006,2024-09-05,1,13,27,38,40,43,2,0,89743,2092,642,50,25,10,0,4,118,210,6300,8466,123570,2024,9,Thursday,4,3,2,1,1,1,2,164,23.43,18.04,7.0,5.13,138668,0,1,[np.int64(13)],13,0,0,0
4007,2024-09-09,1,4,10,16,18,29,6,5889771,43586,1231,169,50,25,10,1,14,341,1360,16346,28583,265044,2024,9,Monday,2,5,3,3,1,0,0,84,12.0,9.71,4.67,3.14,311689,0,1,[np.int64(1)],1,0,0,0
4008,2024-09-12,5,6,14,36,45,49,12,0,64002,1693,301,50,25,10,0,4,104,319,5025,8996,95443,2024,9,Thursday,3,4,2,2,0,1,2,167,23.86,18.88,7.33,7.06,109891,1,1,[np.int64(6)],6,0,0,0
4009,2024-09-16,2,8,15,19,33,38,21,0,53450,1446,286,50,25,10,0,7,178,491,10777,12843,179769,2024,9,Monday,4,3,2,2,1,2,0,136,19.43,12.82,6.0,3.11,204065,0,0,0,0,0,0,0
4010,2024-09-19,7,13,17,22,31,37,1,1456186,7844,699,160,50,25,10,4,76,587,1398,16552,21402,254884,2024,9,Thursday,6,1,2,2,1,2,0,128,18.29,12.79,6.0,1.53,294903,0,0,0,0,0,0,0
4011,2024-09-23,9,20,22,32,37,47,1,0,131911,1564,429,50,25,10,0,2,116,231,5579,6960,101894,2024,9,Monday,4,3,2,0,2,2,1,168,24.0,16.0,7.67,3.2,114782,0,3,"[np.int64(1), np.int64(37), np.int64(22)]",1,37,22,0
4012,2024-09-26,17,23,26,31,38,40,14,0,115761,1974,362,50,25,10,0,3,121,360,6642,9453,124557,2024,9,Thursday,3,4,0,2,2,2,1,189,27.0,9.93,4.33,1.8,141136,0,0,0,0,0,0,0
4013,2024-09-30,4,33,34,38,40,43,15,5848080,155019,1417,387,50,25,10,1,4,301,602,13228,16715,221212,2024,9,Monday,3,4,1,1,0,3,2,207,29.57,14.48,6.5,6.08,252063,1,2,"[np.int64(40), np.int64(38)]",40,38,0,0
4014,2024-10-03,2,9,15,17,40,48,28,0,0,2090,376,50,25,10,0,0,85,258,5287,7817,99419,2024,10,Thursday,3,4,2,2,1,0,2,159,22.71,16.71,7.67,3.3,112866,0,2,"[np.int64(40), np.int64(15)]",40,15,0,0
4015,2024-10-07,16,22,23,31,41,49,8,3073546,107844,2191,398,50,25,10,1,6,122,367,7208,11830,134324,2024,10,Monday,4,3,1,1,2,1,2,190,27.14,14.25,6.83,2.85,153858,1,0,0,0,0,0,0
4016,2024-10-10,1,17,24,25,27,39,30,0,256432,2672,369,50,25,10,0,1,66,261,5071,7417,100359,2024,10,Thursday,5,2,1,1,3,2,0,163,23.29,11.87,6.33,5.15,113175,1,0,0,0,0,0,0
4017,2024-10-14,12,33,39,42,43,48,10,0,177580,2181,450,50,25,10,0,2,112,296,5892,9128,115417,2024,10,Monday,3,4,0,2,0,2,3,227,32.43,15.33,6.33,6.77,130847,1,1,[np.int64(39)],39,0,0,0
4018,2024-10-17,2,4,10,25,36,38,22,0,144271,1984,351,50,25,10,0,4,200,618,12526,17627,232078,2024,10,Thursday,1,6,2,1,2,2,0,137,19.57,14.65,6.0,4.12,263053,0,1,[np.int64(10)],10,0,0,0
4019,2024-10-21,4,13,19,44,46,49,31,6607125,72422,1943,355,50,25,10,2,22,564,1685,32208,44182,588245,2024,10,Monday,4,3,1,2,0,1,3,206,29.43,17.78,7.5,4.19,666908,0,1,[np.int64(4)],4,0,0,0
4020,2024-10-24,20,24,28,37,46,47,36,0,81782,2191,468,50,25,10,0,3,77,197,4492,5355,85445,2024,10,Thursday,2,5,0,0,3,2,2,238,34.0,10.47,4.5,3.1,95569,1,1,[np.int64(46)],46,0,0,0
4021,2024-10-28,10,16,33,37,45,47,6,2917076,184389,2149,407,50,25,10,1,2,118,340,6485,9636,121925,2024,10,Monday,4,3,1,2,0,2,2,194,27.71,16.87,6.83,4.91,138507,0,2,"[np.int64(37), np.int64(47)]",37,47,0,0
4022,2024-10-31,2,6,10,17,18,49,35,1210119,254762,1261,433,50,25,10,1,1,139,221,6624,6536,119267,2024,10,Thursday,3,4,2,3,0,1,1,137,19.57,16.82,7.83,5.76,132789,1,2,"[np.int64(10), np.int64(6)]",10,6,0,0
4023,2024-11-04,14,18,25,28,29,44,36,0,65352,1524,427,50,25,10,0,4,118,230,5321,6530,98857,2024,11,Monday,2,5,0,2,3,1,1,194,27.71,10.21,5.0,2.52,111060,1,1,[np.int64(18)],18,0,0,0
4024,2024-11-07,4,12,17,18,23,34,28,0,177222,1270,275,50,25,10,0,2,192,484,8326,12463,150033,2024,11,Thursday,2,5,1,3,2,1,0,136,19.43,10.0,5.0,2.08,171500,1,2,"[np.int64(18), np.int64(28)]",18,28,0,0
4025,2024-11-11,13,28,39,43,46,48,30,0,215010,2007,418,50,25,10,0,3,221,579,11822,16383,224035,2024,11,Monday,3,4,0,1,1,2,3,247,35.29,12.43,5.83,4.74,253043,0,1,[np.int64(28)],28,0,0,0
4026,2024-11-14,12,16,29,36,39,40,37,3272445,114990,1791,466,50,25,10,4,13,574,1204,29410,38930,548392,2024,11,Thursday,3,4,0,2,1,3,1,209,29.86,11.45,4.67,4.27,618527,1,1,[np.int64(39)],39,0,0,0
4027,2024-11-18,1,2,14,36,44,46,20,616395,86512,1919,408,50,25,10,2,3,93,239,4313,5872,82317,2024,11,Monday,1,6,2,1,1,1,2,163,23.29,18.94,7.5,5.28,92839,1,1,[np.int64(36)],36,0,0,0
4028,2024-11-21,4,7,11,14,21,28,36,91571,41770,405,290,50,25,10,13,6,426,325,12307,7502,153706,2024,11,Thursday,3,4,2,2,2,1,0,121,17.29,11.63,5.33,2.05,174285,0,2,"[np.int64(36), np.int64(14)]",36,14,0,0
4029,2024-11-25,26,28,31,38,41,42,23,0,130168,2183,442,50,25,10,0,2,82,221,4628,6799,86865,2024,11,Monday,3,4,0,0,3,2,2,229,32.71,7.61,3.17,1.86,98597,1,1,[np.int64(28)],28,0,0,0
4030,2024-11-28,1,2,4,15,18,24,35,0,350328,923,411,50,25,10,0,1,261,320,10837,9475,172609,2024,11,Thursday,3,4,3,2,1,1,0,99,14.14,12.72,5.67,4.07,193503,1,0,0,0,0,0,0
4031,2024-12-02,10,11,12,21,41,49,44,5917621,105859,1501,380,50,25,10,1,6,291,627,16236,17126,283170,2024,12,Monday,4,3,0,3,1,0,3,188,26.86,17.2,6.5,6.63,317457,2,0,0,0,0,0,0
4032,2024-12-05,8,14,15,20,31,49,13,0,267756,2302,430,50,25,10,0,1,80,234,5389,8157,103638,2024,12,Thursday,4,3,1,3,1,1,1,150,21.43,14.15,6.83,6.01,117499,1,1,[np.int64(49)],49,0,0,0
4033,2024-12-09,1,4,8,10,16,46,23,0,48292,1094,264,50,25,10,0,8,243,550,12629,14923,192073,2024,12,Monday,2,5,3,2,1,0,1,108,15.43,15.36,7.5,7.14,220426,0,1,[np.int64(8)],8,0,0,0
4034,2024-12-12,17,18,19,31,32,33,8,1203270,76564,1554,341,50,25,10,5,8,271,675,12641,19533,230724,2024,12,Thursday,4,3,1,3,0,3,0,158,22.57,9.54,4.17,4.56,263857,4,1,[np.int64(8)],8,0,0,0
4035,2024-12-16,13,19,22,26,40,49,45,0,92518,2300,474,50,25,10,0,3,83,220,5260,6081,92909,2024,12,Monday,4,3,0,2,2,0,3,214,30.57,13.99,6.0,3.7,104556,0,1,[np.int64(19)],19,0,0,0
4036,2024-12-19,3,9,10,20,23,32,42,0,91910,958,324,50,25,10,0,4,264,426,12895,10363,192030,2024,12,Thursday,3,4,2,1,2,1,1,139,19.86,13.83,6.5,3.5,215982,1,0,0,0,0,0,0
4037,2024-12-23,34,40,42,44,45,46,19,3017983,208513,1415,462,50,25,10,2,3,304,508,13213,14597,210002,2024,12,Monday,2,5,0,1,0,1,5,270,38.57,9.52,4.5,4.99,238629,2,1,[np.int64(42)],42,0,0,0
4038,2024-12-26,8,21,30,35,44,49,39,0,136439,1935,453,50,25,10,0,2,97,226,4502,6243,91633,2024,12,Thursday,4,3,1,0,1,3,2,226,32.29,14.09,6.83,3.18,102703,0,1,[np.int64(44)],44,0,0,0
4039,2024-12-30,3,10,13,29,32,46,18,0,203722,2001,418,50,25,10,0,2,140,366,7776,11163,150353,2024,12,Monday,3,4,1,3,1,1,1,151,21.57,14.86,7.17,4.1,169800,0,0,0,0,0,0,0
4040,2025-01-03,9,11,24,29,39,46,31,3879211,136132,1756,340,50,25,10,3,13,693,1957,39460,50998,708871,2025,1,Friday,5,2,1,1,2,2,1,189,27.0,13.63,6.17,3.8,801995,0,2,"[np.int64(29), np.int64(46)]",29,46,0,0
4041,2025-01-06,6,10,13,27,41,49,4,0,262514,1770,315,50,25,10,0,1,102,313,5442,9145,103053,2025,1,Monday,4,3,2,2,1,0,2,150,21.43,17.88,7.5,4.96,118056,0,0,0,0,0,0,0
4042,2025-01-09,13,32,34,36,38,40,37,0,75163,1267,297,50,25,10,0,5,204,475,7173,10363,123580,2025,1,Thursday,2,5,0,1,0,5,1,230,32.86,9.14,4.5,6.5,141800,0,1,[np.int64(13)],13,0,0,0
4043,2025-01-13,3,7,11,13,34,35,17,3044352,91930,1564,263,50,25,10,2,7,283,918,15475,23902,274774,2025,1,Monday,6,1,2,3,0,2,0,120,17.14,12.65,5.33,5.34,315361,1,2,"[np.int64(34), np.int64(13)]",34,13,0,0
4044,2025-01-16,6,13,18,27,35,46,48,0,94594,1991,512,50,25,10,0,3,98,208,5353,6515,105598,2025,1,Thursday,3,4,1,2,1,1,2,193,27.57,16.24,7.0,2.89,117775,0,2,"[np.int64(35), np.int64(13)]",35,13,0,0
4045,2025-01-20,3,5,6,16,32,49,4,0,142491,1492,374,50,25,10,0,3,197,429,9710,16771,177859,2025,1,Monday,3,4,4,1,0,1,1,115,16.43,17.69,7.67,7.02,204969,1,1,[np.int64(6)],6,0,0,0
4046,2025-01-24,9,10,18,35,43,49,42,6651088,72042,1835,370,50,25,10,2,29,783,2119,44856,56090,818208,2025,1,Friday,4,3,1,2,0,1,3,206,29.43,16.74,6.67,5.37,922087,1,1,[np.int64(49)],49,0,0,0
4047,2025-01-27,7,16,22,26,33,43,44,1401283,147504,1573,373,50,25,10,1,2,129,297,6137,7280,111267,2025,1,Monday,3,4,1,1,2,1,2,191,27.29,13.71,6.17,3.02,125113,1,1,[np.int64(43)],43,0,0,0
4048,2025-01-30,2,9,13,24,26,43,49,1482074,0,1703,387,50,25,10,1,0,126,303,6926,8096,130392,2025,1,Thursday,4,3,2,1,2,0,2,166,23.71,17.41,7.83,4.95,145844,0,2,"[np.int64(26), np.int64(43)]",26,43,0,0
4049,2025-02-03,1,12,29,31,41,48,25,1919191,238686,1634,305,50,25,10,1,3,170,497,8910,13852,157847,2025,2,Monday,5,2,1,1,2,1,2,187,26.71,16.13,7.83,3.89,181280,0,0,0,0,0,0,0
4050,2025-02-07,16,18,22,23,28,35,32,4209825,73857,1560,302,50,25,10,3,36,1172,3306,60358,83889,1079969,2025,2,Friday,2,5,0,2,3,2,0,174,24.86,7.08,3.17,1.34,1228733,1,0,0,0,0,0,0
4051,2025-02-10,1,3,7,18,34,39,46,1427176,150229,1531,501,50,25,10,1,2,135,225,7427,6535,136220,2025,2,Monday,4,3,3,1,0,2,1,148,21.14,18.47,7.5,4.72,150545,0,1,[np.int64(18)],18,0,0,0
4052,2025-02-13,5,8,13,28,30,49,17,1455213,51061,1317,249,50,25,10,1,6,160,462,9012,11815,153434,2025,2,Thursday,4,3,2,2,1,1,1,150,21.43,15.37,7.33,5.96,174890,0,0,0,0,0,0,0
4053,2025-02-17,1,16,23,39,41,42,9,0,303230,2397,428,50,25,10,0,1,87,266,4936,8692,99898,2025,2,Monday,5,2,2,1,1,1,2,171,24.43,16.61,6.83,4.88,113880,1,0,0,0,0,0,0
4054,2025-02-20,3,25,31,37,39,42,21,3249509,380878,1845,433,50,25,10,1,1,142,330,6592,9322,128681,2025,2,Thursday,6,1,1,0,2,3,1,198,28.29,13.47,6.5,5.35,145069,0,2,"[np.int64(42), np.int64(39)]",42,39,0,0
4055,2025-02-24,24,37,38,42,48,49,31,0,289228,2116,524,50,25,10,0,1,94,207,5185,6449,95073,2025,2,Monday,3,4,0,0,1,3,3,269,38.43,8.96,4.17,2.41,107009,2,3,"[np.int64(42), np.int64(37), np.int64(31)]",42,37,31,0
4056,2025-02-27,2,10,13,15,37,40,28,0,189079,2281,325,50,25,10,0,2,114,437,7644,12397,145202,2025,2,Thursday,3,4,1,3,1,1,1,145,20.71,14.42,6.33,3.99,165796,0,1,[np.int64(37)],37,0,0,0
4057,2025-03-03,4,16,24,25,43,49,46,0,132911,2176,425,50,25,10,0,5,210,587,12932,16638,244769,2025,3,Monday,3,4,1,1,2,0,3,207,29.57,16.92,7.5,5.97,275141,1,0,0,0,0,0,0
4058,2025-03-06,19,33,35,38,46,49,39,6743664,79343,1934,380,50,25,10,2,19,536,1490,29758,41791,543400,2025,3,Thursday,5,2,0,1,0,4,2,259,37.0,9.78,5.0,4.43,616996,0,2,"[np.int64(49), np.int64(46)]",49,46,0,0
4059,2025-03-10,5,7,32,38,42,47,27,1337645,93870,2038,326,50,25,10,1,3,95,324,5139,8221,98410,2025,3,Monday,4,3,2,0,1,2,2,198,28.29,16.55,7.0,5.94,112193,0,1,[np.int64(38)],38,0,0,0
4060,2025-03-13,16,26,34,36,42,49,41,0,91198,2001,503,50,25,10,0,3,94,204,4804,6235,89640,2025,3,Thursday,2,5,0,1,1,2,3,244,34.86,10.99,5.5,3.2,100980,0,1,[np.int64(42)],42,0,0,0
4061,2025-03-17,7,30,39,42,43,48,33,3172134,0,2054,372,50,25,10,1,0,132,398,6743,10212,129785,2025,3,Monday,4,3,1,0,0,3,3,242,34.57,13.6,6.83,7.4,147271,1,1,[np.int64(42)],42,0,0,0
4062,2025-03-20,9,10,11,13,23,42,20,1216346,162575,968,181,50,25,10,1,4,182,531,8601,11994,131439,2025,3,Thursday,4,3,1,3,2,0,1,128,18.29,11.71,5.5,6.37,152752,2,1,[np.int64(42)],42,0,0,0
4063,2025-03-24,18,19,25,28,31,44,34,1301717,274046,1923,350,50,25,10,1,1,98,294,6299,7264,113390,2025,3,Monday,3,4,0,2,2,2,1,199,28.43,9.03,4.33,2.92,127347,1,0,0,0,0,0,0
4064,2025-03-27,21,22,27,35,40,42,3,0,265009,2222,427,50,25,10,0,1,82,233,4887,7075,90715,2025,3,Thursday,4,3,1,0,3,1,2,190,27.14,13.51,6.5,5.62,102993,1,0,0,0,0,0,0
4065,2025-03-31,9,12,17,23,29,46,20,0,63417,1385,286,50,25,10,0,6,189,499,10077,13349,173576,2025,3,Monday,4,3,1,2,3,0,1,156,22.29,12.41,6.17,4.98,197696,0,0,0,0,0,0,0
4066,2025-04-03,12,14,15,16,21,40,23,5973897,61216,1625,324,50,25,10,1,10,259,710,13882,18402,243015,2025,4,Thursday,3,4,0,4,2,0,1,141,20.14,9.58,4.67,5.68,276279,2,2,"[np.int64(12), np.int64(23)]",12,23,0,0
4067,2025-04-07,7,19,35,40,43,47,33,1327382,139725,1796,475,50,25,10,1,2,107,221,4907,6994,94527,2025,4,Monday,6,1,1,1,0,2,3,224,32.0,14.22,6.67,4.61,106759,0,1,[np.int64(40)],40,0,0,0
4068,2025-04-10,14,26,27,30,46,48,10,0,89066,2137,406,50,25,10,0,3,86,247,4282,7537,82339,2025,4,Thursday,1,6,0,2,2,1,2,201,28.71,14.43,6.33,5.62,94494,1,0,0,0,0,0,0
4069,2025-04-14,6,14,29,30,35,42,25,3072730,189847,1741,441,50,25,10,1,2,150,323,7158,10648,133852,2025,4,Monday,3,4,1,1,2,2,1,181,25.86,12.29,6.0,3.16,152134,1,2,"[np.int64(14), np.int64(30)]",14,30,0,0
4070,2025-04-17,15,17,26,31,40,46,19,0,0,3485,408,50,25,10,0,0,51,238,4624,6795,88776,2025,4,Thursday,4,3,0,3,1,1,2,194,27.71,11.91,5.17,2.54,100484,0,0,0,0,0,0,0
4071,2025-04-21,1,17,30,37,41,43,32,0,316308,2026,503,50,25,10,0,2,127,279,6692,8578,126457,2025,4,Monday,5,2,1,1,0,3,2,201,28.71,14.95,7.0,5.48,142135,0,1,[np.int64(17)],17,0,0,0
4072,2025-04-24,17,19,21,23,30,40,33,0,197702,1516,432,50,25,10,0,3,269,515,13071,15630,228993,2025,4,Thursday,5,2,0,2,2,2,1,183,26.14,8.41,3.83,2.27,258481,0,2,"[np.int64(17), np.int64(30)]",17,30,0,0
4073,2025-04-28,3,8,12,18,24,41,11,6464725,124689,1208,241,50,25,10,2,12,852,2333,39650,60384,666310,2025,4,Monday,3,4,2,3,1,0,1,117,16.71,12.67,6.33,5.09,769543,0,0,0,0,0,0,0
4074,2025-05-01,2,8,12,30,35,49,38,0,128083,1616,503,50,25,10,0,2,109,191,5713,7158,109432,2025,5,Thursday,2,5,2,1,0,3,1,174,24.86,17.59,7.83,5.21,122605,0,2,"[np.int64(8), np.int64(12)]",8,12,0,0
4075,2025-05-05,5,8,28,38,40,43,39,1549227,79229,1329,331,50,25,10,2,5,205,449,10741,11900,179103,2025,5,Monday,3,4,2,0,1,2,2,201,28.71,15.89,6.33,6.82,202405,0,2,"[np.int64(8), np.int64(38)]",8,38,0,0
4076,2025-05-08,9,13,17,39,46,47,22,0,132631,1689,474,50,25,10,0,2,108,210,4939,6836,94717,2025,5,Thursday,5,2,1,2,1,1,2,193,27.57,16.06,6.33,5.09,106812,1,1,[np.int64(39)],39,0,0,0
4077,2025-05-12,6,16,20,23,40,48,45,0,65997,1973,401,50,25,10,0,6,138,371,7856,9907,151903,2025,5,Monday,2,5,1,1,2,0,3,198,28.29,16.07,7.0,5.07,170181,0,0,0,0,0,0,0
4078,2025-05-15,9,16,17,20,34,38,18,6029737,202727,2248,415,50,25,10,1,3,186,550,12073,18150,228643,2025,5,Thursday,2,5,1,3,1,2,0,152,21.71,10.4,4.83,4.6,259606,1,2,"[np.int64(16), np.int64(20)]",16,20,0,0
4079,2025-05-19,2,15,17,18,39,45,26,1279986,134736,1971,410,50,25,10,1,2,94,247,4805,7014,95577,2025,5,Monday,4,3,1,3,1,1,1,162,23.14,14.8,7.17,4.74,107740,1,2,"[np.int64(17), np.int64(18)]",17,18,0,0
4080,2025-05-22,3,10,32,34,44,48,29,0,0,1863,574,50,25,10,0,0,96,170,4360,5909,85351,2025,5,Thursday,2,5,1,1,1,2,2,200,28.57,16.61,7.5,5.8,95886,0,0,0,0,0,0,0
