number_draw,date,winning_number_1,winning_number_2,winning_number_3,winning_number_4,winning_number_5,winning_number_6,additional_number,Group 1 Share Amount,Group 2 Share Amount,Group 3 Share Amount,Group 4 Share Amount,Group 5 Share Amount,Group 6 Share Amount,Group 7 Share Amount,Group 1 No.winning,Group 2 No.winning,Group 3 No.winning,Group 4 No.winning,Group 5 No.winning,Group 6 No.winning,Group 7 No.winning
3768,26/05/2022,6,11,30,34,43,45,2,-,"$236,294","$1,826",$446,$50,$25,$10,-,1,89,199,"4,774","6,520","87,047"
3769,30/05/2022,8,13,19,34,37,47,29,"$2,781,563","$87,325","$1,716",$375,$50,$25,$10,1,4,140,350,"6,329","8,735","123,159"
3770,02/06/2022,12,19,26,28,46,49,41,-,"$237,188","$1,664",$466,$50,$25,$10,-,1,98,191,"4,839","5,244","88,337"
3771,06/06/2022,12,28,29,34,41,47,16,"$1,379,328","$171,791","$2,813",$462,$50,$25,$10,2,2,84,279,"5,935","8,748","115,382"
3772,09/06/2022,7,14,15,16,17,38,44,-,"$234,345","$1,452",$440,$50,$25,$10,-,1,111,200,"5,759","6,091","100,004"
3773,13/06/2022,3,5,12,16,30,45,49,"$2,754,037","$172,727","$1,320",$331,$50,$25,$10,1,2,180,392,"9,507","9,558","165,097"
3774,16/06/2022,2,7,16,18,24,45,36,"$1,106,742","$58,250","$2,003",$363,$50,$25,$10,1,4,80,241,"5,127","6,008","96,962"
3775,20/06/2022,20,25,28,33,40,49,1,-,-,"$1,781",$421,$50,$25,$10,-,-,93,215,"4,108","6,955","81,090"
3776,23/06/2022,24,27,32,38,46,49,11,-,"$188,793","$2,017",$474,$50,$25,$10,-,3,111,258,"5,232","7,850","101,210"
3777,27/06/2022,21,24,27,32,34,38,41,-,"$150,516","$2,010",$431,$50,$25,$10,-,4,206,525,"14,075","14,937","221,365"
3778,30/06/2022,2,15,17,27,41,48,38,"$2,917,988","$85,921","$1,745",$377,$50,$25,$10,4,15,508,"1,283","25,166","35,209","465,917"
3779,04/07/2022,2,3,9,27,28,38,15,-,"$81,647","$1,116",$201,$50,$25,$10,-,3,151,459,"7,073","10,975","117,188"
3780,07/07/2022,16,17,20,33,39,49,7,-,"$339,873","$2,184",$389,$50,$25,$10,-,1,107,328,"5,880","10,089","112,032"
3781,11/07/2022,1,6,13,25,34,43,42,-,"$76,001","$1,918",$372,$50,$25,$10,-,8,218,613,"13,650","16,609","240,867"
3782,14/07/2022,8,10,15,36,39,44,9,"$5,731,299","$101,697","$1,515",$319,$50,$25,$10,2,12,554,"1,438","26,324","39,554","471,689"
3783,18/07/2022,3,20,36,41,43,47,9,-,-,"$2,017",$477,$50,$25,$10,-,-,84,194,"3,996","6,194","73,762"
3784,21/07/2022,4,15,31,42,43,47,39,"$1,417,875","$298,500","$1,310",$386,$50,$25,$10,2,2,184,341,"6,789","8,114","119,981"
3785,25/07/2022,2,6,29,30,31,44,40,"$1,194,850","$251,548","$2,621",$500,$50,$25,$10,1,1,66,189,"4,912","5,938","93,143"
3786,28/07/2022,1,2,25,33,36,40,7,"$1,149,738","$242,050","$2,821",$340,$50,$25,$10,1,1,59,267,"4,298","7,726","80,612"
3787,01/08/2022,3,10,12,29,45,47,26,"$1,255,814","$88,128","$2,114",$394,$50,$25,$10,1,3,86,252,"5,308","7,828","103,316"
3788,05/08/2022,14,18,24,37,43,45,8,"$5,000,000","$115,844","$1,927",$369,$50,$25,$10,1,9,372,"1,060","19,848","30,695","365,676"
3789,08/08/2022,2,9,33,34,37,49,29,"$1,151,669",-,"$1,985",$448,$50,$25,$10,1,-,84,203,"4,188","6,568","82,724"
3790,11/08/2022,10,12,16,18,32,44,22,-,-,"$2,162",$334,$50,$25,$10,-,-,78,276,"5,275","8,092","97,051"
3791,15/08/2022,7,22,29,34,38,41,35,-,"$424,599","$2,055",$392,$50,$25,$10,-,2,121,346,"6,789","9,060","128,467"
3792,18/08/2022,2,4,12,18,28,43,38,"$5,634,202","$72,426","$1,384",$293,$50,$25,$10,1,8,288,742,"15,793","18,144","255,883"
3793,22/08/2022,5,20,23,36,42,44,47,-,-,"$1,883",$468,$50,$25,$10,-,-,92,202,"5,132","5,533","95,866"
3794,25/08/2022,3,5,13,23,24,48,10,-,"$600,468","$1,489",$291,$50,$25,$10,-,1,161,450,"8,497","13,013","148,666"
3795,29/08/2022,4,8,9,15,22,31,13,-,"$37,465",$852,$191,$50,$25,$10,-,16,484,"1,180","21,413","25,059","314,939"
3796,01/09/2022,1,18,28,42,43,48,45,"$11,414,547","$200,528","$1,822",$394,$50,$25,$10,1,6,454,"1,148","25,173","32,244","450,598"
3797,05/09/2022,4,9,13,18,34,47,3,-,-,"$2,208",$307,$50,$25,$10,-,-,78,306,"5,374","9,447","98,795"
3798,08/09/2022,1,8,11,12,22,46,35,"$2,886,318","$607,646",$859,$349,$50,$25,$10,1,1,286,384,"12,544","11,031","195,078"
3799,12/09/2022,8,15,21,22,39,43,44,"$1,241,044","$261,273","$2,364",$442,$50,$25,$10,1,1,76,222,"5,207","6,591","104,041"
3800,15/09/2022,13,15,27,29,38,45,40,-,"$125,144","$1,739",$393,$50,$25,$10,-,2,99,239,"4,754","5,767","88,797"
3801,19/09/2022,1,5,14,23,40,45,16,"$2,872,168","$354,380","$1,434",$398,$50,$25,$10,1,1,170,334,"8,073","10,267","135,530"
3802,22/09/2022,3,11,19,26,43,49,37,"$1,166,722","$245,626","$1,594",$376,$50,$25,$10,1,1,106,245,"5,500","6,545","103,577"
3803,26/09/2022,6,19,24,34,43,46,21,"$1,207,911","$254,297","$1,841",$444,$50,$25,$10,1,1,95,215,"4,905","6,316","88,313"
3804,29/09/2022,27,29,31,44,46,49,42,-,"$121,313","$2,060",$515,$50,$25,$10,-,2,81,177,"3,892","5,524","74,866"
3805,03/10/2022,7,16,20,29,33,42,39,"$2,783,637","$57,234","$1,467",$361,$50,$25,$10,1,6,161,357,"7,159","8,941","129,099"
3806,06/10/2022,10,19,20,22,26,46,4,-,"$80,454","$1,169",$228,$50,$25,$10,-,3,142,398,"6,373","9,694","105,527"
3807,10/10/2022,8,10,18,26,42,47,49,-,"$174,778","$2,037",$425,$50,$25,$10,-,2,118,309,"7,471","8,761","143,442"
3808,13/10/2022,2,4,8,17,22,40,6,-,"$93,427","$1,460",$233,$50,$25,$10,-,6,264,905,"14,351","23,468","245,451"
3809,17/10/2022,1,8,16,24,38,43,15,"$5,560,463","$74,361","$1,633",$352,$50,$25,$10,2,16,501,"1,269","25,697","36,995","473,834"
3810,20/10/2022,2,9,19,27,33,37,21,-,"$39,099","$1,630",$250,$50,$25,$10,-,6,99,352,"6,215","7,702","104,310"
3811,24/10/2022,7,11,17,21,41,43,30,"$2,824,881","$51,446","$1,191",$327,$50,$25,$10,1,7,208,414,"9,166","11,281","150,942"
3812,27/10/2022,13,16,25,41,45,46,20,-,"$120,761","$1,887",$470,$50,$25,$10,-,2,88,193,"3,767","5,478","73,822"
3813,31/10/2022,4,14,17,25,29,49,36,-,"$119,405","$1,811",$368,$50,$25,$10,-,3,136,366,"7,492","9,131","133,747"
3814,03/11/2022,13,21,24,25,26,41,11,"$5,578,700","$143,683","$2,196",$366,$50,$25,$10,1,4,180,590,"10,931","18,225","202,367"
3815,07/11/2022,10,14,33,37,39,45,28,-,-,"$1,821",$416,$50,$25,$10,-,-,97,232,"4,750","6,348","85,452"
3816,10/11/2022,10,23,28,35,39,46,6,-,"$202,232","$2,022",$418,$50,$25,$10,-,3,119,314,"6,720","9,966","124,920"
3817,14/11/2022,8,15,22,26,34,45,32,"$5,675,646","$196,060","$1,550",$359,$50,$25,$10,1,3,261,615,"13,637","16,625","239,442"
3818,17/11/2022,1,10,16,23,38,49,25,"$1,156,436","$121,731","$1,288",$356,$50,$25,$10,1,2,130,257,"5,563","6,992","96,697"
3819,21/11/2022,3,9,21,30,36,46,2,-,"$123,190","$1,783",$345,$50,$25,$10,-,2,95,268,"6,217","8,198","106,364"
3820,24/11/2022,3,8,11,21,24,31,25,"$2,708,396","$53,969",$709,$200,$50,$25,$10,1,6,314,608,"12,441","12,697","180,433"
3821,28/11/2022,7,16,17,28,37,48,14,-,"$82,168","$1,823",$366,$50,$25,$10,-,3,93,253,"5,247","6,928","96,612"
3822,01/12/2022,3,12,20,39,40,47,18,"$2,735,946","$164,743","$1,784",$313,$50,$25,$10,1,2,127,396,"6,675","10,358","123,423"
3823,05/12/2022,5,6,7,25,28,35,8,"$1,223,608","$42,934",$958,$137,$50,$25,$10,1,6,185,709,"8,457","16,950","131,249"
3824,08/12/2022,1,6,21,35,37,46,33,-,-,"$2,690",$618,$50,$25,$10,-,-,64,152,"3,992","5,714","83,609"
3825,12/12/2022,3,7,22,27,44,49,13,-,"$614,409","$1,727",$314,$50,$25,$10,-,1,145,435,"7,799","11,685","147,471"
3826,15/12/2022,4,12,17,19,24,44,20,"$5,602,898","$80,736","$1,530",$277,$50,$25,$10,1,7,254,767,"14,038","19,857","246,845"
3827,19/12/2022,8,14,24,26,45,46,42,-,"$87,048","$1,910",$412,$50,$25,$10,-,3,94,238,"4,840","6,530","92,542"
3828,22/12/2022,4,11,13,16,32,46,9,-,"$349,496","$2,794",$345,$50,$25,$10,-,1,86,380,"6,511","12,023","126,353"
3829,26/12/2022,3,10,31,32,44,47,41,"$5,782,800","$121,359","$1,630",$474,$50,$25,$10,1,5,256,481,"11,676","14,706","216,390"
3830,29/12/2022,12,18,25,28,30,36,48,"$1,230,798","$129,558","$1,246",$305,$50,$25,$10,1,2,143,319,"7,246","8,110","119,087"
3831,02/01/2023,1,13,15,32,41,47,11,"$714,588","$100,293","$2,111",$431,$50,$25,$10,2,3,98,262,"5,229","8,475","99,647"
3832,06/01/2023,12,22,30,32,42,49,8,"$5,521,126","$68,374","$1,412",$304,$50,$25,$10,1,17,566,"1,438","24,338","34,930","427,413"
3833,09/01/2023,1,3,13,15,22,43,46,-,"$62,167","$1,336",$350,$50,$25,$10,-,4,128,267,"6,968","6,100","115,534"
3834,12/01/2023,2,6,8,28,31,37,48,"$2,895,756","$360,966","$1,199",$363,$50,$25,$10,1,1,207,373,"10,795","10,582","173,241"
3835,16/01/2023,15,22,23,36,40,42,20,"$1,405,462","$73,972","$2,055",$338,$50,$25,$10,1,4,99,329,"5,497","8,856","105,894"
3836,20/01/2023,15,29,35,47,48,49,10,"$3,133,188","$119,931","$1,738",$375,$50,$25,$10,2,11,522,"1,322","26,323","35,396","470,207"
3837,23/01/2023,22,30,31,39,43,49,3,-,"$90,615","$1,888",$486,$50,$25,$10,-,3,99,210,"4,423","7,054","83,613"
3838,26/01/2023,2,21,34,40,43,45,13,-,"$87,074","$2,495",$437,$50,$25,$10,-,5,120,374,"7,159","11,165","143,356"
3839,30/01/2023,13,23,25,26,44,45,38,"$7,239,827","$136,161","$1,978",$416,$50,$25,$10,1,6,284,738,"15,785","21,962","300,212"
3840,03/02/2023,4,6,21,25,34,40,48,"$4,270,035","$122,585","$1,871",$417,$50,$25,$10,3,22,991,"2,428","54,830","70,091","1,015,337"
3841,06/02/2023,6,10,15,19,20,30,5,"$1,346,894","$12,329",$883,$102,$50,$25,$10,1,23,221,"1,050","9,133","17,360","137,248"
3842,09/02/2023,18,20,27,37,43,47,10,-,"$142,817","$1,964",$429,$50,$25,$10,-,2,100,250,"4,858","7,322","93,339"
3843,13/02/2023,5,12,23,28,31,39,37,"$1,070,984","$78,156","$1,179",$346,$50,$25,$10,3,5,228,424,"10,944","11,177","182,347"
3844,16/02/2023,3,10,16,24,42,46,25,-,"$267,935","$1,900",$404,$50,$25,$10,-,1,97,249,"5,809","7,029","104,053"
3845,20/02/2023,4,9,21,22,25,41,18,-,"$188,257","$1,523",$330,$50,$25,$10,-,2,170,429,"8,900","12,329","163,591"
3846,23/02/2023,2,5,19,24,34,44,37,"$1,980,493","$67,377","$1,358",$343,$50,$25,$10,3,9,307,663,"13,361","15,909","248,293"
3847,27/02/2023,6,26,32,39,44,48,11,-,-,"$2,187",$482,$50,$25,$10,-,-,86,213,"4,649","7,024","88,144"
3848,02/03/2023,15,22,24,26,29,36,28,"$2,998,982","$210,455","$1,783",$296,$50,$25,$10,1,3,138,454,"7,431","11,221","134,430"
3849,06/03/2023,21,30,35,36,37,45,1,-,"$89,338","$2,525",$484,$50,$25,$10,-,3,73,208,"4,681","6,389","86,248"
3850,09/03/2023,1,10,30,31,38,45,11,-,"$357,508","$1,586",$277,$50,$25,$10,-,1,155,484,"7,938","12,697","134,081"
3851,13/03/2023,1,3,15,18,23,48,41,"$5,813,337","$85,478","$1,491",$396,$50,$25,$10,1,7,276,568,"14,891","15,978","266,381"
3852,16/03/2023,4,14,30,33,37,42,22,-,"$127,669","$1,810",$475,$50,$25,$10,-,2,97,202,"4,525","6,397","85,387"
3853,20/03/2023,7,8,15,27,34,38,37,-,"$72,255","$1,479",$334,$50,$25,$10,-,5,168,406,"9,035","10,468","161,496"
3854,23/03/2023,14,21,26,29,37,40,7,-,"$82,218","$1,931",$405,$50,$25,$10,-,7,205,533,"10,329","16,076","192,313"
3855,27/03/2023,1,4,17,28,43,45,29,"$2,864,243","$110,897","$1,812",$397,$50,$25,$10,4,11,463,"1,153","25,482","32,799","473,350"
3856,30/03/2023,12,26,34,39,41,49,16,"$1,145,077","$80,357","$2,335",$419,$50,$25,$10,1,3,71,216,"3,920","6,151","76,731"
3857,03/04/2023,13,27,28,42,44,45,1,-,"$127,827","$1,911",$446,$50,$25,$10,-,2,92,215,"4,413","6,514","85,752"
3858,06/04/2023,6,7,31,42,46,47,27,-,-,"$2,047",$535,$50,$25,$10,-,-,115,240,"6,465","8,625","122,739"
3859,10/04/2023,8,10,12,25,32,38,20,"$5,725,463","$86,338","$1,305",$229,$50,$25,$10,1,11,320,995,"16,579","23,677","279,343"
3860,13/04/2023,11,21,30,31,33,38,24,-,"$250,039","$1,737",$353,$50,$25,$10,-,1,99,266,"5,653","7,170","98,858"
3861,17/04/2023,9,11,17,22,31,43,34,"$582,460","$72,616","$1,058",$284,$50,$25,$10,5,5,236,481,"9,643","11,877","164,821"
3862,20/04/2023,11,14,21,30,37,40,20,-,"$60,943","$1,822",$356,$50,$25,$10,-,4,92,257,"4,536","7,120","83,475"
3863,24/04/2023,5,6,25,32,36,49,21,-,"$177,996","$1,869",$399,$50,$25,$10,-,2,131,335,"7,759","9,760","144,505"
3864,27/04/2023,4,9,30,32,40,49,16,"$5,493,447","$139,189","$1,519",$353,$50,$25,$10,1,4,252,593,"12,090","15,194","209,987"
3865,01/05/2023,22,26,29,30,48,49,46,-,-,"$2,137",$454,$50,$25,$10,-,-,84,216,"4,742","5,832","87,445"
3866,04/05/2023,16,21,25,28,37,44,24,-,"$203,565","$1,730",$490,$50,$25,$10,-,3,139,268,"6,615","9,221","123,930"
3867,08/05/2023,1,3,6,11,23,34,39,"$1,455,641","$68,346","$1,113",$286,$50,$25,$10,4,9,380,809,"19,146","18,711","309,458"
3868,11/05/2023,1,11,26,38,41,44,6,"$395,716","$249,926","$1,246",$415,$50,$25,$10,3,1,138,226,"4,898","7,697","88,461"
3869,15/05/2023,7,33,36,40,41,42,30,-,"$129,755","$2,259",$468,$50,$25,$10,-,2,79,208,"4,487","6,439","86,426"
3870,18/05/2023,7,13,18,19,25,29,36,"$1,412,789","$83,838","$1,120",$309,$50,$25,$10,2,4,206,407,"9,760","9,729","160,388"
3871,22/05/2023,1,4,7,8,34,44,12,-,"$127,636","$1,236",$226,$50,$25,$10,-,2,142,424,"7,399","11,477","120,964"
3872,25/05/2023,4,15,17,35,42,48,45,"$2,791,139",-,"$2,136",$454,$50,$25,$10,1,-,107,275,"5,560","8,670","112,891"
3873,29/05/2023,5,13,30,34,36,48,20,-,-,"$2,349",$472,$50,$25,$10,-,-,74,201,"4,735","6,380","88,483"
3874,01/06/2023,7,15,33,40,45,49,5,-,"$308,737","$1,777",$334,$50,$25,$10,-,3,132,384,"6,973","10,816","117,741"
3875,05/06/2023,5,16,26,28,32,34,24,"$5,598,382","$116,947","$1,820",$368,$50,$25,$10,1,5,221,596,"11,724","17,237","226,100"
3876,08/06/2023,6,21,31,32,35,48,19,-,"$123,425","$1,929",$575,$50,$25,$10,-,2,88,161,"4,228","6,170","85,625"
3877,12/06/2023,2,22,28,33,34,36,7,-,"$175,485","$1,801",$327,$50,$25,$10,-,2,134,403,"6,975","11,503","125,365"
3878,15/06/2023,6,15,17,42,46,49,20,"$5,500,689","$186,741","$1,438",$395,$50,$25,$10,1,3,268,533,"11,562","15,249","208,384"
3879,19/06/2023,2,25,28,30,32,46,48,-,-,"$2,565",$534,$50,$25,$10,-,-,69,181,"4,214","5,451","87,071"
3880,22/06/2023,3,9,28,32,37,46,7,-,"$304,802","$2,163",$369,$50,$25,$10,-,2,112,358,"6,596","11,867","125,106"
3881,26/06/2023,4,5,17,28,39,44,31,-,"$150,035","$1,741",$424,$50,$25,$10,-,4,237,531,"12,396","16,290","232,715"
3882,29/06/2023,5,15,16,30,37,46,49,-,"$1,074,777","$1,661",$387,$50,$25,$10,-,12,515,"1,208","25,404","33,315","475,093"
3883,03/07/2023,14,30,34,40,45,49,12,-,"$68,700","$2,223",$439,$50,$25,$10,-,4,85,235,"4,664","6,423","87,982"
3884,06/07/2023,13,16,28,34,38,40,47,"$2,996,600","$356,065","$1,666",$508,$50,$25,$10,1,1,147,263,"6,591","7,890","121,282"
3885,10/07/2023,2,8,30,33,39,41,24,-,"$88,602","$2,125",$443,$50,$25,$10,-,3,86,225,"5,034","6,798","97,565"
3886,13/07/2023,4,12,14,20,21,22,10,"$1,459,466","$38,746","$1,193",$171,$50,$25,$10,2,9,201,765,"9,635","15,885","152,665"
3887,17/07/2023,18,25,27,32,35,39,48,"$622,454","$43,681","$2,198",$469,$50,$25,$10,2,6,82,210,"5,070","5,848","91,995"
3888,20/07/2023,10,20,26,39,44,46,3,"$575,032","$80,707","$1,234",$473,$50,$25,$10,2,3,135,192,"4,021","6,157","79,213"
3889,24/07/2023,1,5,18,20,38,44,45,-,"$84,873","$2,110",$443,$50,$25,$10,-,3,83,216,"5,681","6,649","104,843"
3890,27/07/2023,8,10,21,27,34,36,2,"$2,795,924","$166,999","$1,595",$328,$50,$25,$10,1,2,144,383,"7,522","11,349","138,561"
3891,31/07/2023,2,23,29,35,39,45,6,-,"$91,658","$2,590",$397,$50,$25,$10,-,3,73,260,"5,039","7,948","93,177"
3892,04/08/2023,19,25,27,28,29,48,34,"$2,432,087","$140,121","$1,633",$382,$50,$25,$10,3,9,531,"1,239","27,657","34,031","484,798"
3893,07/08/2023,5,15,18,31,41,49,16,-,"$79,274","$2,097",$475,$50,$25,$10,-,3,78,188,"4,567","6,322","91,594"
3894,10/08/2023,3,6,16,29,37,45,12,-,"$170,323","$2,130",$323,$50,$25,$10,-,2,110,396,"6,822","11,089","126,909"
3895,14/08/2023,5,22,31,32,41,49,14,"$5,568,036","$118,751","$1,908",$322,$50,$25,$10,1,5,214,692,"11,472","17,350","209,069"
3896,17/08/2023,4,8,32,33,45,47,12,-,-,"$2,476",$381,$50,$25,$10,-,-,69,245,"4,036","7,374","85,969"
3897,21/08/2023,1,18,21,28,31,41,11,"$2,932,433","$17,639","$1,308",$87,$50,$25,$10,1,35,194,"1,591","8,740","15,113","148,678"
3898,24/08/2023,1,13,26,34,37,41,9,-,"$61,389","$2,483",$357,$50,$25,$10,-,4,68,258,"3,938","6,940","77,611"
3899,28/08/2023,1,3,7,12,15,32,34,"$2,854,825","$177,731","$1,040",$350,$50,$25,$10,1,2,235,381,"11,610","9,775","186,631"
3900,31/08/2023,14,29,31,39,40,48,47,-,"$121,743","$2,042",$541,$50,$25,$10,-,2,82,169,"3,965","4,992","77,485"
3901,04/09/2023,1,4,12,33,45,48,35,"$2,836,385","$117,883","$1,677",$455,$50,$25,$10,1,3,145,292,"6,900","8,561","138,468"
3902,07/09/2023,17,19,24,26,31,46,37,-,"$242,958","$1,920",$512,$50,$25,$10,-,1,87,178,"4,659","5,645","85,861"
3903,11/09/2023,1,20,21,27,38,48,17,-,-,"$2,385",$387,$50,$25,$10,-,-,101,340,"6,206","9,714","126,062"
3904,14/09/2023,14,18,24,26,37,45,28,-,"$231,326","$1,781",$397,$50,$25,$10,-,4,222,544,"10,664","16,775","202,156"
3905,18/09/2023,4,7,27,32,37,49,44,"$3,244,955","$173,815","$1,663",$408,$50,$25,$10,4,9,647,"1,441","34,069","43,569","603,512"
3906,21/09/2023,2,8,28,31,48,49,37,-,-,"$1,367",$399,$50,$25,$10,-,-,118,221,"6,210","5,887","104,496"
3907,25/09/2023,3,14,19,23,28,43,25,-,"$603,321","$1,878",$342,$50,$25,$10,-,1,135,405,"8,264","12,089","151,268"
3908,28/09/2023,3,13,23,28,37,38,9,-,"$47,930","$1,398",$259,$50,$25,$10,-,12,283,834,"13,994","23,187","233,390"
3909,02/10/2023,2,10,12,13,45,48,11,"$13,077,918","$62,991","$1,570",$306,$50,$25,$10,1,25,690,"1,936","36,337","53,754","654,305"
3910,05/10/2023,4,7,9,38,41,42,16,-,"$64,795","$1,537",$374,$50,$25,$10,-,4,116,260,"5,485","7,670","108,040"
3911,09/10/2023,1,5,9,25,44,49,43,"$1,031,021","$48,999",$896,$353,$50,$25,$10,3,8,301,417,"12,061","10,852","199,583"
3912,12/10/2023,14,15,26,35,44,46,43,-,"$130,117","$2,237",$511,$50,$25,$10,-,2,80,191,"4,451","5,199","83,768"
3913,16/10/2023,21,27,30,38,40,44,6,"$3,007,219","$124,289","$1,872",$417,$50,$25,$10,1,3,137,336,"6,388","10,405","124,834"
3914,19/10/2023,1,7,16,20,35,41,6,"$1,163,272","$122,450","$1,452",$352,$50,$25,$10,1,2,116,261,"5,047","8,887","92,792"
3915,23/10/2023,2,3,13,15,34,37,8,-,"$257,824","$2,396",$293,$50,$25,$10,-,1,74,331,"5,022","9,493","97,541"
3916,26/10/2023,1,6,17,19,34,45,48,-,"$83,456","$2,273",$412,$50,$25,$10,-,4,101,304,"6,592","8,038","129,939"
3917,30/10/2023,12,24,26,32,34,38,28,"$5,617,423","$73,872","$1,639",$294,$50,$25,$10,1,8,248,755,"11,844","18,351","214,906"
3918,02/11/2023,3,12,22,29,35,42,49,"$1,166,022","$245,479","$1,395",$493,$50,$25,$10,1,1,121,187,"5,408","5,870","95,303"
3919,06/11/2023,11,20,22,28,32,37,4,"$1,223,114",-,"$1,655",$352,$50,$25,$10,1,-,107,275,"5,376","8,011","101,047"
3920,09/11/2023,2,3,11,17,35,40,45,-,"$509,652","$2,016",$466,$50,$25,$10,-,1,86,203,"5,129","6,065","102,259"
3921,13/11/2023,6,10,16,24,27,43,31,"$2,919,480","$72,495","$1,484",$339,$50,$25,$10,1,5,168,402,"8,524","11,128","150,675"
3922,16/11/2023,10,13,15,28,29,37,22,-,"$80,205","$1,452",$311,$50,$25,$10,-,3,114,291,"5,287","7,514","97,413"
3923,20/11/2023,12,13,18,22,25,28,47,-,"$57,728",$957,$376,$50,$25,$10,-,6,249,346,"10,561","8,392","162,803"
3924,23/11/2023,2,24,30,37,43,45,35,"$2,672,397","$538,238","$1,706",$442,$50,$25,$10,2,1,217,457,"10,025","13,171","182,902"
3925,27/11/2023,16,19,20,26,33,40,23,"$1,198,481","$84,104","$2,090",$331,$50,$25,$10,1,3,83,286,"4,819","8,103","88,047"
3926,30/11/2023,3,32,34,38,41,42,17,"$1,151,815",-,"$1,603",$506,$50,$25,$10,1,-,104,180,"4,423","6,038","80,505"
3927,04/12/2023,6,18,26,31,37,38,22,-,-,"$1,965",$420,$50,$25,$10,-,-,92,235,"5,192","7,055","96,845"
3928,07/12/2023,10,16,25,29,42,44,48,"$2,915,532","$214,071","$1,814",$409,$50,$25,$10,1,4,133,322,"6,925","8,045","126,103"
3929,11/12/2023,9,12,21,22,44,47,31,-,"$126,398","$1,774",$333,$50,$25,$10,-,2,98,285,"5,612","7,814","108,022"
3930,14/12/2023,22,32,34,39,40,42,5,-,"$334,334","$2,705",$370,$50,$25,$10,-,1,85,339,"5,846","8,516","109,920"
3931,18/12/2023,12,15,16,23,24,38,44,-,"$148,395","$1,552",$406,$50,$25,$10,-,4,263,549,"14,926","15,990","266,116"
3932,21/12/2023,7,8,24,25,29,40,18,-,"$1,191,969","$1,688",$339,$50,$25,$10,-,12,616,"1,674","33,375","48,169","611,744"
3933,25/12/2023,11,12,19,23,25,41,47,"$665,967","$140,204",$873,$349,$50,$25,$10,2,2,221,302,"11,885","7,684","161,486"
3934,28/12/2023,13,17,18,24,37,41,15,-,"$133,724","$1,839",$412,$50,$25,$10,-,2,100,244,"5,009","7,196","93,999"
3935,01/01/2024,8,16,23,24,36,48,5,"$1,719,718","$25,370","$1,474",$255,$50,$25,$10,2,18,213,673,"11,069","17,962","191,385"
3936,05/01/2024,7,12,17,20,31,35,22,"$1,965,174","$73,010","$1,404",$292,$50,$25,$10,3,17,608,"1,598","30,291","41,419","525,873"
3937,08/01/2024,11,20,28,30,36,38,37,-,"$259,307","$1,766",$420,$50,$25,$10,-,1,101,232,"5,222","6,406","102,582"
3938,11/01/2024,2,9,10,43,45,46,13,"$1,504,496","$74,834","$1,326",$380,$50,$25,$10,2,5,194,370,"8,176","10,728","147,402"
3939,15/01/2024,24,25,26,28,30,35,4,"$1,295,233",-,"$1,410",$507,$50,$25,$10,1,-,133,202,"6,059","7,618","102,418"
3940,18/01/2024,5,28,30,37,38,41,43,-,"$178,761","$2,184",$456,$50,$25,$10,-,3,83,217,"5,107","6,104","94,677"
3941,22/01/2024,1,3,8,13,40,48,6,"$3,081,026","$38,504","$1,351",$199,$50,$25,$10,1,10,196,728,"10,494","17,684","172,323"
3942,25/01/2024,10,18,44,45,48,49,20,-,"$262,384","$1,961",$400,$50,$25,$10,-,1,92,246,"5,624","6,655","90,433"
3943,29/01/2024,20,22,24,28,40,49,27,"$1,586,297","$67,589","$1,491",$361,$50,$25,$10,2,6,187,422,"9,425","11,487","157,839"
3944,02/02/2024,2,27,29,36,44,48,12,"$5,974,351","$96,751","$1,988",$375,$50,$25,$10,1,13,435,"1,258","24,123","36,873","458,328"
3945,05/02/2024,14,17,20,25,28,37,13,-,"$54,964",$750,$339,$50,$25,$10,-,5,252,304,"5,836","7,839","103,717"
3946,08/02/2024,6,16,21,27,31,37,49,"$3,311,366","$46,924","$1,641",$370,$50,$25,$10,1,9,177,429,"9,673","10,548","167,959"
3947,12/02/2024,9,16,20,25,31,39,41,-,"$165,782","$1,983",$416,$50,$25,$10,-,2,115,299,"6,792","8,277","130,480"
3948,15/02/2024,15,18,22,35,41,48,5,"$3,725,231","$56,587","$1,476",$310,$50,$25,$10,1,8,211,548,"9,044","14,488","160,941"
3949,19/02/2024,1,10,21,29,35,42,27,"$1,744,053","$367,169","$2,158",$479,$50,$25,$10,1,1,117,288,"7,355","9,901","139,130"
3950,23/02/2024,18,21,26,35,38,43,40,"$3,087,960","$108,350","$1,827",$400,$50,$25,$10,4,24,979,"2,440","51,357","68,053","956,000"
3951,26/02/2024,2,8,14,27,39,42,10,-,-,"$2,235",$367,$50,$25,$10,-,-,81,269,"5,210","8,419","100,411"
3952,29/02/2024,1,14,28,44,45,49,16,"$1,531,384","$107,466","$2,050",$449,$50,$25,$10,2,6,128,319,"7,173","9,703","139,189"
3953,04/03/2024,13,17,25,27,28,44,3,-,"$45,727","$1,747",$282,$50,$25,$10,-,6,108,365,"5,799","8,889","105,050"
3954,07/03/2024,5,11,15,20,31,47,44,-,"$361,944","$1,431",$375,$50,$25,$10,-,1,174,362,"9,089","9,224","163,169"
3955,11/03/2024,5,9,30,37,40,49,33,-,"$95,881","$1,768",$373,$50,$25,$10,-,7,261,676,"14,543","18,745","266,194"
3956,14/03/2024,8,26,34,35,45,46,36,"$4,469,698","$101,034","$1,909",$353,$50,$25,$10,3,15,546,"1,612","30,677","42,203","562,557"
3957,18/03/2024,1,4,6,15,30,48,45,-,"$134,021","$1,418",$403,$50,$25,$10,-,2,130,250,"6,703","7,172","120,430"
3958,21/03/2024,6,8,18,19,33,44,15,-,"$372,412","$1,674",$300,$50,$25,$10,-,1,153,467,"9,115","12,316","163,334"
3959,25/03/2024,4,23,25,27,28,32,21,"$3,084,967","$219,494","$1,500",$256,$50,$25,$10,2,3,302,965,"17,074","23,676","291,822"
3960,28/03/2024,6,8,13,17,26,37,18,-,"$66,230","$1,301",$291,$50,$25,$10,-,4,140,342,"7,552","10,202","123,531"
3961,01/04/2024,3,12,18,19,27,41,15,"$3,082,102","$127,982","$1,314",$360,$50,$25,$10,1,3,201,400,"9,057","12,540","164,972"
3962,04/04/2024,3,4,13,31,36,43,19,-,"$64,614","$1,367",$302,$50,$25,$10,-,4,130,321,"6,248","8,609","107,850"
3963,08/04/2024,12,23,24,34,43,46,42,"$3,044,451","$127,495","$1,742",$308,$50,$25,$10,1,3,151,466,"7,425","10,209","135,895"
3964,11/04/2024,22,28,33,40,43,47,16,-,"$257,348","$2,132",$458,$50,$25,$10,-,1,83,211,"4,234","5,980","82,372"
3965,15/04/2024,5,10,28,36,41,42,19,"$1,483,404","$61,208","$2,004",$316,$50,$25,$10,2,6,126,436,"7,212","10,721","134,115"
3966,18/04/2024,18,22,29,32,37,47,49,-,-,"$2,829",$529,$50,$25,$10,-,-,60,175,"4,313","5,752","84,283"
3967,22/04/2024,6,8,11,16,33,37,23,-,"$121,789","$1,423",$240,$50,$25,$10,-,5,175,566,"9,747","14,023","165,881"
3968,25/04/2024,5,9,11,18,28,36,35,"$2,820,879","$96,467",$932,$316,$50,$25,$10,2,6,427,687,"18,595","18,415","294,740"
3969,29/04/2024,2,7,12,31,36,45,30,-,"$86,796","$2,035",$287,$50,$25,$10,-,3,88,341,"5,947","8,187","110,617"
3970,02/05/2024,4,5,31,37,43,46,7,-,"$356,376","$2,849",$423,$50,$25,$10,-,1,86,316,"6,152","10,050","121,692"
3971,06/05/2024,1,5,9,31,33,37,36,-,"$154,348","$1,705",$302,$50,$25,$10,-,4,249,768,"15,323","19,232","280,832"
3972,09/05/2024,9,15,20,26,43,49,36,"$13,123,509","$127,391","$2,006",$392,$50,$25,$10,1,12,524,"1,463","31,981","42,235","598,997"
3973,13/05/2024,2,16,17,22,24,49,42,-,"$63,305","$2,001",$405,$50,$25,$10,-,4,87,235,"4,989","6,630","94,721"
3974,16/05/2024,2,12,15,28,35,48,24,-,"$90,465","$1,606",$320,$50,$25,$10,-,4,155,425,"8,076","11,413","148,638"
3975,20/05/2024,7,10,32,33,39,48,37,"$2,939,453","$124,518","$1,838",$493,$50,$25,$10,2,5,233,474,"11,868","15,764","225,682"
3976,23/05/2024,3,4,22,27,39,43,6,-,"$84,848","$1,786",$344,$50,$25,$10,-,3,98,278,"5,117","8,140","94,724"
3977,27/05/2024,14,23,28,34,41,48,17,"$2,959,173","$184,221","$2,165",$426,$50,$25,$10,1,2,117,325,"6,891","9,687","133,015"
3978,30/05/2024,6,9,11,17,28,45,21,"$1,181,255","$124,343",$860,$213,$50,$25,$10,1,2,199,438,"8,076","9,908","129,784"
3979,03/06/2024,1,28,30,32,33,39,11,"$1,250,273","$263,216","$2,382",$389,$50,$25,$10,1,1,76,254,"4,932","6,917","89,899"
3980,06/06/2024,4,5,10,14,35,43,12,"$1,177,640","$49,585","$1,894",$302,$50,$25,$10,1,5,90,308,"5,681","9,155","103,740"
3981,10/06/2024,1,10,13,23,31,34,43,"$622,568","$21,845",$944,$265,$50,$25,$10,2,12,191,371,"7,449","8,003","117,250"
3982,13/06/2024,4,7,10,17,30,41,21,-,"$126,775","$1,203",$293,$50,$25,$10,-,2,145,325,"6,763","8,672","111,597"
3983,17/06/2024,8,10,12,16,17,30,19,"$2,885,049","$88,458",$839,$235,$50,$25,$10,1,4,290,565,"12,694","15,079","187,930"
3984,20/06/2024,3,12,14,16,17,30,27,"$1,195,673","$27,969","$1,342",$271,$50,$25,$10,1,9,129,349,"7,703","8,712","111,517"
3985,24/06/2024,20,23,28,30,34,49,25,-,-,"$2,082",$377,$50,$25,$10,-,-,87,262,"4,809","7,724","92,890"
3986,27/06/2024,1,8,11,14,17,30,5,"$1,470,113","$47,615","$1,015",$145,$50,$25,$10,2,13,241,925,"11,534","20,379","175,340"
3987,01/07/2024,11,19,21,26,28,33,39,"$1,280,103","$89,832","$1,993",$386,$50,$25,$10,1,3,93,262,"6,502","7,119","116,308"
3988,04/07/2024,4,9,12,15,31,44,33,-,"$65,038","$1,325",$383,$50,$25,$10,-,4,135,255,"7,749","7,484","130,561"
3989,08/07/2024,15,18,29,34,38,44,35,"$3,008,649","$46,656","$1,723",$326,$50,$25,$10,1,8,149,430,"7,342","9,587","135,171"
3990,11/07/2024,15,17,22,32,34,40,6,-,"$87,137","$1,892",$396,$50,$25,$10,-,3,95,248,"4,782","7,265","88,213"
3991,15/07/2024,4,6,17,32,37,41,10,-,"$186,640","$2,087",$441,$50,$25,$10,-,2,123,318,"6,913","10,878","135,842"
3992,18/07/2024,8,10,11,12,14,20,38,"$2,934,077","$66,746",$564,$249,$50,$25,$10,2,9,733,906,"25,949","19,667","337,545"
3993,22/07/2024,4,9,12,15,37,47,44,-,"$67,224","$2,055",$233,$50,$25,$10,-,4,90,434,"6,128","7,548","114,824"
3994,25/07/2024,14,21,34,35,43,49,33,-,"$91,277","$2,282",$489,$50,$25,$10,-,4,110,280,"6,714","9,189","119,635"
3995,29/07/2024,19,24,29,30,31,46,28,"$6,102,326","$81,338","$1,804",$324,$50,$25,$10,1,8,248,755,"14,969","21,378","258,354"
3996,02/08/2024,14,16,22,23,36,42,21,"$1,501,809","$126,469","$1,626",$398,$50,$25,$10,4,10,535,"1,194","26,481","35,000","480,532"
3997,05/08/2024,1,12,15,30,42,43,22,-,"$128,792","$1,640",$364,$50,$25,$10,-,2,108,266,"5,424","7,473","99,569"
3998,08/08/2024,23,26,32,36,41,49,31,-,"$92,693","$1,783",$529,$50,$25,$10,-,4,143,263,"7,167","8,793","120,664"
3999,12/08/2024,2,8,27,33,34,43,11,"$2,990,112","$78,831","$1,815",$305,$50,$25,$10,2,8,239,776,"13,092","21,621","245,277"
4000,15/08/2024,15,24,35,36,42,46,48,"$1,233,654","$129,859","$1,841",$435,$50,$25,$10,1,2,97,224,"4,980","6,154","88,926"
4001,19/08/2024,2,3,16,26,29,41,12,-,"$267,513","$1,688",$359,$50,$25,$10,-,1,109,280,"5,464","9,634","97,498"
4002,22/08/2024,2,5,8,43,45,48,41,"$988,861","$44,629","$1,313",$407,$50,$25,$10,3,8,187,329,"7,933","8,593","148,025"
4003,26/08/2024,6,8,18,34,35,37,33,"$1,248,227",-,"$2,231",$304,$50,$25,$10,1,-,81,325,"5,673","8,025","107,754"
4004,29/08/2024,3,9,10,12,27,41,29,"$1,219,985","$86,604",$866,$207,$50,$25,$10,1,6,204,467,"8,681","11,959","137,003"
4005,02/09/2024,6,7,13,30,37,39,16,-,"$45,132","$1,422",$298,$50,$25,$10,-,6,131,341,"6,932","8,437","121,061"
4006,05/09/2024,1,13,27,38,40,43,2,-,"$89,743","$2,092",$642,$50,$25,$10,-,4,118,210,"6,300","8,466","123,570"
4007,09/09/2024,1,4,10,16,18,29,6,"$5,889,771","$43,586","$1,231",$169,$50,$25,$10,1,14,341,"1,360","16,346","28,583","265,044"
4008,12/09/2024,5,6,14,36,45,49,12,-,"$64,002","$1,693",$301,$50,$25,$10,-,4,104,319,"5,025","8,996","95,443"
4009,16/09/2024,2,8,15,19,33,38,21,-,"$53,450","$1,446",$286,$50,$25,$10,-,7,178,491,"10,777","12,843","179,769"
4010,19/09/2024,7,13,17,22,31,37,1,"$1,456,186","$7,844",$699,$160,$50,$25,$10,4,76,587,"1,398","16,552","21,402","254,884"
4011,23/09/2024,9,20,22,32,37,47,1,-,"$131,911","$1,564",$429,$50,$25,$10,-,2,116,231,"5,579","6,960","101,894"
4012,26/09/2024,17,23,26,31,38,40,14,-,"$115,761","$1,974",$362,$50,$25,$10,-,3,121,360,"6,642","9,453","124,557"
4013,30/09/2024,4,33,34,38,40,43,15,"$5,848,080","$155,019","$1,417",$387,$50,$25,$10,1,4,301,602,"13,228","16,715","221,212"
4014,03/10/2024,2,9,15,17,40,48,28,-,-,"$2,090",$376,$50,$25,$10,-,-,85,258,"5,287","7,817","99,419"
4015,07/10/2024,16,22,23,31,41,49,8,"$3,073,546","$107,844","$2,191",$398,$50,$25,$10,1,6,122,367,"7,208","11,830","134,324"
4016,10/10/2024,1,17,24,25,27,39,30,-,"$256,432","$2,672",$369,$50,$25,$10,-,1,66,261,"5,071","7,417","100,359"
4017,14/10/2024,12,33,39,42,43,48,10,-,"$177,580","$2,181",$450,$50,$25,$10,-,2,112,296,"5,892","9,128","115,417"
4018,17/10/2024,2,4,10,25,36,38,22,-,"$144,271","$1,984",$351,$50,$25,$10,-,4,200,618,"12,526","17,627","232,078"
4019,21/10/2024,4,13,19,44,46,49,31,"$6,607,125","$72,422","$1,943",$355,$50,$25,$10,2,22,564,"1,685","32,208","44,182","588,245"
4020,24/10/2024,20,24,28,37,46,47,36,-,"$81,782","$2,191",$468,$50,$25,$10,-,3,77,197,"4,492","5,355","85,445"
4021,28/10/2024,10,16,33,37,45,47,6,"$2,917,076","$184,389","$2,149",$407,$50,$25,$10,1,2,118,340,"6,485","9,636","121,925"
4022,31/10/2024,2,6,10,17,18,49,35,"$1,210,119","$254,762","$1,261",$433,$50,$25,$10,1,1,139,221,"6,624","6,536","119,267"
4023,04/11/2024,14,18,25,28,29,44,36,-,"$65,352","$1,524",$427,$50,$25,$10,-,4,118,230,"5,321","6,530","98,857"
4024,07/11/2024,4,12,17,18,23,34,28,-,"$177,222","$1,270",$275,$50,$25,$10,-,2,192,484,"8,326","12,463","150,033"
4025,11/11/2024,13,28,39,43,46,48,30,-,"$215,010","$2,007",$418,$50,$25,$10,-,3,221,579,"11,822","16,383","224,035"
4026,14/11/2024,12,16,29,36,39,40,37,"$3,272,445","$114,990","$1,791",$466,$50,$25,$10,4,13,574,"1,204","29,410","38,930","548,392"
4027,18/11/2024,1,2,14,36,44,46,20,"$616,395","$86,512","$1,919",$408,$50,$25,$10,2,3,93,239,"4,313","5,872","82,317"
4028,21/11/2024,4,7,11,14,21,28,36,"$91,571","$41,770",$405,$290,$50,$25,$10,13,6,426,325,"12,307","7,502","153,706"
4029,25/11/2024,26,28,31,38,41,42,23,-,"$130,168","$2,183",$442,$50,$25,$10,-,2,82,221,"4,628","6,799","86,865"
4030,28/11/2024,1,2,4,15,18,24,35,-,"$350,328",$923,$411,$50,$25,$10,-,1,261,320,"10,837","9,475","172,609"
4031,02/12/2024,10,11,12,21,41,49,44,"$5,917,621","$105,859","$1,501",$380,$50,$25,$10,1,6,291,627,"16,236","17,126","283,170"
4032,05/12/2024,8,14,15,20,31,49,13,-,"$267,756","$2,302",$430,$50,$25,$10,-,1,80,234,"5,389","8,157","103,638"
4033,09/12/2024,1,4,8,10,16,46,23,-,"$48,292","$1,094",$264,$50,$25,$10,-,8,243,550,"12,629","14,923","192,073"
4034,12/12/2024,17,18,19,31,32,33,8,"$1,203,270","$76,564","$1,554",$341,$50,$25,$10,5,8,271,675,"12,641","19,533","230,724"
4035,16/12/2024,13,19,22,26,40,49,45,-,"$92,518","$2,300",$474,$50,$25,$10,-,3,83,220,"5,260","6,081","92,909"
4036,19/12/2024,3,9,10,20,23,32,42,-,"$91,910",$958,$324,$50,$25,$10,-,4,264,426,"12,895","10,363","192,030"
4037,23/12/2024,34,40,42,44,45,46,19,"$3,017,983","$208,513","$1,415",$462,$50,$25,$10,2,3,304,508,"13,213","14,597","210,002"
4038,26/12/2024,8,21,30,35,44,49,39,-,"$136,439","$1,935",$453,$50,$25,$10,-,2,97,226,"4,502","6,243","91,633"
4039,30/12/2024,3,10,13,29,32,46,18,-,"$203,722","$2,001",$418,$50,$25,$10,-,2,140,366,"7,776","11,163","150,353"
4040,03/01/2025,9,11,24,29,39,46,31,"$3,879,211","$136,132","$1,756",$340,$50,$25,$10,3,13,693,"1,957","39,460","50,998","708,871"
4041,06/01/2025,6,10,13,27,41,49,4,-,"$262,514","$1,770",$315,$50,$25,$10,-,1,102,313,"5,442","9,145","103,053"
4042,09/01/2025,13,32,34,36,38,40,37,-,"$75,163","$1,267",$297,$50,$25,$10,-,5,204,475,"7,173","10,363","123,580"
4043,13/01/2025,3,7,11,13,34,35,17,"$3,044,352","$91,930","$1,564",$263,$50,$25,$10,2,7,283,918,"15,475","23,902","274,774"
4044,16/01/2025,6,13,18,27,35,46,48,-,"$94,594","$1,991",$512,$50,$25,$10,-,3,98,208,"5,353","6,515","105,598"
4045,20/01/2025,3,5,6,16,32,49,4,-,"$142,491","$1,492",$374,$50,$25,$10,-,3,197,429,"9,710","16,771","177,859"
4046,24/01/2025,9,10,18,35,43,49,42,"$6,651,088","$72,042","$1,835",$370,$50,$25,$10,2,29,783,"2,119","44,856","56,090","818,208"
4047,27/01/2025,7,16,22,26,33,43,44,"$1,401,283","$147,504","$1,573",$373,$50,$25,$10,1,2,129,297,"6,137","7,280","111,267"
4048,30/01/2025,2,9,13,24,26,43,49,"$1,482,074",-,"$1,703",$387,$50,$25,$10,1,-,126,303,"6,926","8,096","130,392"
4049,03/02/2025,1,12,29,31,41,48,25,"$1,919,191","$238,686","$1,634",$305,$50,$25,$10,1,3,170,497,"8,910","13,852","157,847"
4050,07/02/2025,16,18,22,23,28,35,32,"$4,209,825","$73,857","$1,560",$302,$50,$25,$10,3,36,"1,172","3,306","60,358","83,889","1,079,969"
4051,10/02/2025,1,3,7,18,34,39,46,"$1,427,176","$150,229","$1,531",$501,$50,$25,$10,1,2,135,225,"7,427","6,535","136,220"
4052,13/02/2025,5,8,13,28,30,49,17,"$1,455,213","$51,061","$1,317",$249,$50,$25,$10,1,6,160,462,"9,012","11,815","153,434"
4053,17/02/2025,1,16,23,39,41,42,9,-,"$303,230","$2,397",$428,$50,$25,$10,-,1,87,266,"4,936","8,692","99,898"
4054,20/02/2025,3,25,31,37,39,42,21,"$3,249,509","$380,878","$1,845",$433,$50,$25,$10,1,1,142,330,"6,592","9,322","128,681"
4055,24/02/2025,24,37,38,42,48,49,31,-,"$289,228","$2,116",$524,$50,$25,$10,-,1,94,207,"5,185","6,449","95,073"
4056,27/02/2025,2,10,13,15,37,40,28,-,"$189,079","$2,281",$325,$50,$25,$10,-,2,114,437,"7,644","12,397","145,202"
4057,03/03/2025,4,16,24,25,43,49,46,-,"$132,911","$2,176",$425,$50,$25,$10,-,5,210,587,"12,932","16,638","244,769"
4058,06/03/2025,19,33,35,38,46,49,39,"$6,743,664","$79,343","$1,934",$380,$50,$25,$10,2,19,536,"1,490","29,758","41,791","543,400"
4059,10/03/2025,5,7,32,38,42,47,27,"$1,337,645","$93,870","$2,038",$326,$50,$25,$10,1,3,95,324,"5,139","8,221","98,410"
4060,13/03/2025,16,26,34,36,42,49,41,-,"$91,198","$2,001",$503,$50,$25,$10,-,3,94,204,"4,804","6,235","89,640"
4061,17/03/2025,7,30,39,42,43,48,33,"$3,172,134",-,"$2,054",$372,$50,$25,$10,1,-,132,398,"6,743","10,212","129,785"
4062,20/03/2025,9,10,11,13,23,42,20,"$1,216,346","$162,575",$968,$181,$50,$25,$10,1,4,182,531,"8,601","11,994","131,439"
4063,24/03/2025,18,19,25,28,31,44,34,"$1,301,717","$274,046","$1,923",$350,$50,$25,$10,1,1,98,294,"6,299","7,264","113,390"
4064,27/03/2025,21,22,27,35,40,42,3,-,"$265,009","$2,222",$427,$50,$25,$10,-,1,82,233,"4,887","7,075","90,715"
4065,31/03/2025,9,12,17,23,29,46,20,-,"$63,417","$1,385",$286,$50,$25,$10,-,6,189,499,"10,077","13,349","173,576"
4066,03/04/2025,12,14,15,16,21,40,23,"$5,973,897","$61,216","$1,625",$324,$50,$25,$10,1,10,259,710,"13,882","18,402","243,015"
4067,07/04/2025,7,19,35,40,43,47,33,"$1,327,382","$139,725","$1,796",$475,$50,$25,$10,1,2,107,221,"4,907","6,994","94,527"
4068,10/04/2025,14,26,27,30,46,48,10,-,"$89,066","$2,137",$406,$50,$25,$10,-,3,86,247,"4,282","7,537","82,339"
4069,14/04/2025,6,14,29,30,35,42,25,"$3,072,730","$189,847","$1,741",$441,$50,$25,$10,1,2,150,323,"7,158","10,648","133,852"
4070,17/04/2025,15,17,26,31,40,46,19,-,-,"$3,485",$408,$50,$25,$10,-,-,51,238,"4,624","6,795","88,776"
4071,21/04/2025,1,17,30,37,41,43,32,-,"$316,308","$2,026",$503,$50,$25,$10,-,2,127,279,"6,692","8,578","126,457"
4072,24/04/2025,17,19,21,23,30,40,33,-,"$197,702","$1,516",$432,$50,$25,$10,-,3,269,515,"13,071","15,630","228,993"
4073,28/04/2025,3,8,12,18,24,41,11,"$6,464,725","$124,689","$1,208",$241,$50,$25,$10,2,12,852,"2,333","39,650","60,384","666,310"
4074,01/05/2025,2,8,12,30,35,49,38,-,"$128,083","$1,616",$503,$50,$25,$10,-,2,109,191,"5,713","7,158","109,432"
4075,05/05/2025,5,8,28,38,40,43,39,"$1,549,227","$79,229","$1,329",$331,$50,$25,$10,2,5,205,449,"10,741","11,900","179,103"
4076,08/05/2025,9,13,17,39,46,47,22,-,"$132,631","$1,689",$474,$50,$25,$10,-,2,108,210,"4,939","6,836","94,717"
4077,12/05/2025,6,16,20,23,40,48,45,-,"$65,997","$1,973",$401,$50,$25,$10,-,6,138,371,"7,856","9,907","151,903"
4078,15/05/2025,9,16,17,20,34,38,18,"$6,029,737","$202,727","$2,248",$415,$50,$25,$10,1,3,186,550,"12,073","18,150","228,643"
4079,19/05/2025,2,15,17,18,39,45,26,"$1,279,986","$134,736","$1,971",$410,$50,$25,$10,1,2,94,247,"4,805","7,014","95,577"
4080,22/05/2025,3,10,32,34,44,48,29,-,-,"$1,863",$574,$50,$25,$10,-,-,96,170,"4,360","5,909","85,351"
